研修プログラムコード,コース番号,コマ記号,表示順,所要時間,タイトル,説明
gen,01,B0,1,0.5,経理職業務の生成AI活用実演・要点解説,講師が本コースで扱う一連の業務を生成AIで通しで実演し、要点を解説します
gen,01,B11,2,0.5,生成AIによる経理文書作成・基礎,仕訳摘要文の下書き生成
gen,01,B12,3,1.0,生成AIによる経理文書作成・実践,請求書送付状・入金お礼・支払督促メール / 経費精算ルールの社内周知文
gen,01,B21,4,0.5,生成AIによる経理データ整理・基礎,領収書・請求書画像の表データ化
gen,01,B22,5,0.5,生成AIによる経理データ整理・実践,経費CSVの科目別集計と異常値検知 / 月次推移表の作成
gen,01,B3,6,1.0,生成AIによる月次決算応用①,試算表からの予実差異コメント下書き / 月次報告資料の構成案作成
gen,01,B4,7,1.0,生成AIによる月次決算応用②,税理士への質問リスト整理
gen,01,B5,8,1.0,生成AIによる月次決算総合演習,ここまでの成果物を統合し、自身の業務を題材とした月次決算の通し演習を行います(マスキング済みデータ又はダミーデータを使用し、講師の添削・指導のもと、生成AIを用いて訓練用の成果物を完成させます)
gen,01,C1,9,1.5,経理ルーチンの生成AIテンプレート作成,月次サイクル(請求発行→記帳→集計→報告)のテンプレート化 / 勘定科目判定・締め作業チェックリストの自動生成
gen,01,C2,10,0.5,生成AIテンプレートの業務フロー配置,作成した生成AIテンプレートを、自身の業務のどの工程で使うかにマッピングします
gen,01,D1,11,1.0,生成AIテンプレートの運用・修正演習,研修内で作成した自身の業務用生成AIテンプレートを対象に、出力が期待と異なる場合の修正(条件の追加・例示・出力形式の指定・作業の分割)・再実行・結果検証の手順を演習形式で習得します
gen,01,D2,12,0.5,業務での確認・チェック手順の習得演習,生成AI出力の検算・照合、機密情報の取り扱いなど、自身の業務に即した確認手順を演習で習得し、自業務向けに作成します
gen,01,D3,13,0.5,実務組み込み計画の作成・講師フィードバック,研修で作成した文書・生成AIテンプレートを日次・週次業務のどの工程で使うかの計画にまとめ、講師が個別に添削・フィードバックします
gen,02,B0,1,0.5,財務・資金管理職業務の生成AI活用実演・要点解説,講師が本コースで扱う一連の業務を生成AIで通しで実演し、要点を解説します
gen,02,B11,2,0.5,生成AIによる財務文書作成・基礎,金融機関への借入申込説明文
gen,02,B12,3,1.0,生成AIによる財務文書作成・実践,資金繰り状況の社内報告文 / 支払条件交渉メール
gen,02,B21,4,0.5,生成AIによる資金データ整理・基礎,入出金明細の月次資金繰り表化
gen,02,B22,5,0.5,生成AIによる資金データ整理・実践,売掛・買掛サイトの一覧化 / キャッシュフロー予測表の作成
gen,02,B3,6,1.0,生成AIによる資金計画応用①,資金繰りシナリオ比較(楽観・悲観)
gen,02,B4,7,1.0,生成AIによる資金計画応用②,金融機関向け事業計画書の下書き
gen,02,B5,8,1.0,生成AIによる資金計画総合演習,ここまでの成果物を統合し、自身の業務を題材とした資金計画の通し演習を行います(マスキング済みデータ又はダミーデータを使用し、講師の添削・指導のもと、生成AIを用いて訓練用の成果物を完成させます)
gen,02,C1,9,1.5,資金管理の生成AIテンプレート作成,週次資金繰り更新テンプレート / 借入関連書類チェックリスト
gen,02,C2,10,0.5,生成AIテンプレートの業務フロー配置,作成した生成AIテンプレートを、自身の業務のどの工程で使うかにマッピングします
gen,02,D1,11,1.0,生成AIテンプレートの運用・修正演習,研修内で作成した自身の業務用生成AIテンプレートを対象に、出力が期待と異なる場合の修正(条件の追加・例示・出力形式の指定・作業の分割)・再実行・結果検証の手順を演習形式で習得します
gen,02,D2,12,0.5,業務での確認・チェック手順の習得演習,生成AI出力の検算・照合、機密情報の取り扱いなど、自身の業務に即した確認手順を演習で習得し、自業務向けに作成します
gen,02,D3,13,0.5,実務組み込み計画の作成・講師フィードバック,研修で作成した文書・生成AIテンプレートを日次・週次業務のどの工程で使うかの計画にまとめ、講師が個別に添削・フィードバックします
gen,03,B0,1,0.5,総務職業務の生成AI活用実演・要点解説,講師が本コースで扱う一連の業務を生成AIで通しで実演し、要点を解説します
gen,03,B11,2,0.5,生成AIによる総務文書作成・基礎,社内通達・案内文(規程改定・行事・防災訓練)
gen,03,B12,3,1.0,生成AIによる総務文書作成・実践,取引先への挨拶状・慶弔文書
gen,03,B21,4,0.5,生成AIによる台帳データ整理・基礎,備品台帳・契約更新期限の一覧化とアラート設計
gen,03,B22,5,0.5,生成AIによる台帳データ整理・実践,社用車・会議室の運用ルール整理
gen,03,B3,6,1.0,生成AIによる社内対応応用①,社内FAQ(よくある問い合わせ)の整備
gen,03,B4,7,1.0,生成AIによる社内対応応用②,全社会議・株主総会の運営マニュアル下書き
gen,03,B5,8,1.0,生成AIによる社内対応総合演習,ここまでの成果物を統合し、自身の業務を題材とした社内対応の通し演習を行います(マスキング済みデータ又はダミーデータを使用し、講師の添削・指導のもと、生成AIを用いて訓練用の成果物を完成させます)
gen,03,C1,9,1.5,総務ルーチンの生成AIテンプレート作成,年間行事の案内文テンプレ集 / 契約更新・行事準備チェックリスト
gen,03,C2,10,0.5,生成AIテンプレートの業務フロー配置,作成した生成AIテンプレートを、自身の業務のどの工程で使うかにマッピングします
gen,03,D1,11,1.0,生成AIテンプレートの運用・修正演習,研修内で作成した自身の業務用生成AIテンプレートを対象に、出力が期待と異なる場合の修正(条件の追加・例示・出力形式の指定・作業の分割)・再実行・結果検証の手順を演習形式で習得します
gen,03,D2,12,0.5,業務での確認・チェック手順の習得演習,生成AI出力の検算・照合、機密情報の取り扱いなど、自身の業務に即した確認手順を演習で習得し、自業務向けに作成します
gen,03,D3,13,0.5,実務組み込み計画の作成・講師フィードバック,研修で作成した文書・生成AIテンプレートを日次・週次業務のどの工程で使うかの計画にまとめ、講師が個別に添削・フィードバックします
gen,04,B0,1,0.5,人事職(採用)業務の生成AI活用実演・要点解説,講師が本コースで扱う一連の業務を生成AIで通しで実演し、要点を解説します
gen,04,B11,2,0.5,生成AIによる採用文書作成・基礎,媒体別求人票の作成
gen,04,B12,3,1.0,生成AIによる採用文書作成・実践,スカウトメール / 応募者への合否・日程調整メール
gen,04,B21,4,0.5,生成AIによる応募データ整理・基礎,応募者情報の一覧化
gen,04,B22,5,0.5,生成AIによる応募データ整理・実践,選考ステータス集計 / 媒体別応募数の分析
gen,04,B3,6,1.0,生成AIによる選考設計応用①,職種別の面接質問設計 / 面接メモの評価シート整形
gen,04,B4,7,1.0,生成AIによる選考設計応用②,採用ページの文章改善
gen,04,B5,8,1.0,生成AIによる選考設計総合演習,ここまでの成果物を統合し、自身の業務を題材とした選考設計の通し演習を行います(マスキング済みデータ又はダミーデータを使用し、講師の添削・指導のもと、生成AIを用いて訓練用の成果物を完成させます)
gen,04,C1,9,1.5,採用フローの生成AIテンプレート作成,選考段階別メールテンプレ集 / 面接評価の観点チェックリスト
gen,04,C2,10,0.5,生成AIテンプレートの業務フロー配置,作成した生成AIテンプレートを、自身の業務のどの工程で使うかにマッピングします
gen,04,D1,11,1.0,生成AIテンプレートの運用・修正演習,研修内で作成した自身の業務用生成AIテンプレートを対象に、出力が期待と異なる場合の修正(条件の追加・例示・出力形式の指定・作業の分割)・再実行・結果検証の手順を演習形式で習得します
gen,04,D2,12,0.5,業務での確認・チェック手順の習得演習,生成AI出力の検算・照合、機密情報の取り扱いなど、自身の業務に即した確認手順を演習で習得し、自業務向けに作成します
gen,04,D3,13,0.5,実務組み込み計画の作成・講師フィードバック,研修で作成した文書・生成AIテンプレートを日次・週次業務のどの工程で使うかの計画にまとめ、講師が個別に添削・フィードバックします
gen,05,B0,1,0.5,人事職(教育・評価)業務の生成AI活用実演・要点解説,講師が本コースで扱う一連の業務を生成AIで通しで実演し、要点を解説します
gen,05,B11,2,0.5,生成AIによる育成文書作成・基礎,研修案内文
gen,05,B12,3,1.0,生成AIによる育成文書作成・実践,評価フィードバック面談の準備メモ / 目標設定の記入例文
gen,05,B21,4,0.5,生成AIによる育成データ整理・基礎,研修アンケートの集計・自由記述の分類
gen,05,B22,5,0.5,生成AIによる育成データ整理・実践,評価データの部署別傾向整理
gen,05,B3,6,1.0,生成AIによる育成企画応用①,階層別研修計画の骨子作成
gen,05,B4,7,1.0,生成AIによる育成企画応用②,評価者向けガイド文書の下書き
gen,05,B5,8,1.0,生成AIによる育成企画総合演習,ここまでの成果物を統合し、自身の業務を題材とした育成企画の通し演習を行います(マスキング済みデータ又はダミーデータを使用し、講師の添削・指導のもと、生成AIを用いて訓練用の成果物を完成させます)
gen,05,C1,9,1.5,育成業務の生成AIテンプレート作成,面談準備テンプレート / 研修振り返りフォーマット
gen,05,C2,10,0.5,生成AIテンプレートの業務フロー配置,作成した生成AIテンプレートを、自身の業務のどの工程で使うかにマッピングします
gen,05,D1,11,1.0,生成AIテンプレートの運用・修正演習,研修内で作成した自身の業務用生成AIテンプレートを対象に、出力が期待と異なる場合の修正(条件の追加・例示・出力形式の指定・作業の分割)・再実行・結果検証の手順を演習形式で習得します
gen,05,D2,12,0.5,業務での確認・チェック手順の習得演習,生成AI出力の検算・照合、機密情報の取り扱いなど、自身の業務に即した確認手順を演習で習得し、自業務向けに作成します
gen,05,D3,13,0.5,実務組み込み計画の作成・講師フィードバック,研修で作成した文書・生成AIテンプレートを日次・週次業務のどの工程で使うかの計画にまとめ、講師が個別に添削・フィードバックします
gen,06,B0,1,0.5,労務職業務の生成AI活用実演・要点解説,講師が本コースで扱う一連の業務を生成AIで通しで実演し、要点を解説します
gen,06,B11,2,0.5,生成AIによる労務文書作成・基礎,入退社手続き案内文
gen,06,B12,3,1.0,生成AIによる労務文書作成・実践,休職・復職に関する通知文 / 届出関連の社内説明文
gen,06,B21,4,0.5,生成AIによる勤怠データ整理・基礎,勤怠CSVの集計・残業時間の異常検知
gen,06,B22,5,0.5,生成AIによる勤怠データ整理・実践,有給取得状況の一覧化
gen,06,B3,6,1.0,生成AIによる労務対応応用①,就業規則の照会対応(条文検索→回答下書き)
gen,06,B4,7,1.0,生成AIによる労務対応応用②,労務相談の記録整理
gen,06,B5,8,1.0,生成AIによる労務対応総合演習,ここまでの成果物を統合し、自身の業務を題材とした労務対応の通し演習を行います(マスキング済みデータ又はダミーデータを使用し、講師の添削・指導のもと、生成AIを用いて訓練用の成果物を完成させます)
gen,06,C1,9,1.5,労務ルーチンの生成AIテンプレート作成,入退社手続きチェックリスト / 月次勤怠締めテンプレート
gen,06,C2,10,0.5,生成AIテンプレートの業務フロー配置,作成した生成AIテンプレートを、自身の業務のどの工程で使うかにマッピングします
gen,06,D1,11,1.0,生成AIテンプレートの運用・修正演習,研修内で作成した自身の業務用生成AIテンプレートを対象に、出力が期待と異なる場合の修正(条件の追加・例示・出力形式の指定・作業の分割)・再実行・結果検証の手順を演習形式で習得します
gen,06,D2,12,0.5,業務での確認・チェック手順の習得演習,生成AI出力の検算・照合、機密情報の取り扱いなど、自身の業務に即した確認手順を演習で習得し、自業務向けに作成します
gen,06,D3,13,0.5,実務組み込み計画の作成・講師フィードバック,研修で作成した文書・生成AIテンプレートを日次・週次業務のどの工程で使うかの計画にまとめ、講師が個別に添削・フィードバックします
gen,07,B0,1,0.5,一般事務職業務の生成AI活用実演・要点解説,講師が本コースで扱う一連の業務を生成AIで通しで実演し、要点を解説します
gen,07,B11,2,0.5,生成AIによる事務文書作成・基礎,社内外メール・送付状
gen,07,B12,3,1.0,生成AIによる事務文書作成・実践,会議録音の文字起こし→議事録整形 / 回覧文書
gen,07,B21,4,0.5,生成AIによる事務データ整理・基礎,名簿・受発注リストの整形と集計
gen,07,B22,5,0.5,生成AIによる事務データ整理・実践,重複・表記ゆれの一括修正
gen,07,B3,6,1.0,生成AIによる業務整備応用①,電話メモ→対応履歴の整形
gen,07,B4,7,1.0,生成AIによる業務整備応用②,マニュアルのない業務の手順書化
gen,07,B5,8,1.0,生成AIによる業務整備総合演習,ここまでの成果物を統合し、自身の業務を題材とした業務整備の通し演習を行います(マスキング済みデータ又はダミーデータを使用し、講師の添削・指導のもと、生成AIを用いて訓練用の成果物を完成させます)
gen,07,C1,9,1.5,定型業務の生成AIテンプレート作成,定型メール集 / 議事録生成テンプレート / 月次集計テンプレート
gen,07,C2,10,0.5,生成AIテンプレートの業務フロー配置,作成した生成AIテンプレートを、自身の業務のどの工程で使うかにマッピングします
gen,07,D1,11,1.0,生成AIテンプレートの運用・修正演習,研修内で作成した自身の業務用生成AIテンプレートを対象に、出力が期待と異なる場合の修正(条件の追加・例示・出力形式の指定・作業の分割)・再実行・結果検証の手順を演習形式で習得します
gen,07,D2,12,0.5,業務での確認・チェック手順の習得演習,生成AI出力の検算・照合、機密情報の取り扱いなど、自身の業務に即した確認手順を演習で習得し、自業務向けに作成します
gen,07,D3,13,0.5,実務組み込み計画の作成・講師フィードバック,研修で作成した文書・生成AIテンプレートを日次・週次業務のどの工程で使うかの計画にまとめ、講師が個別に添削・フィードバックします
gen,08,B0,1,0.5,営業事務職業務の生成AI活用実演・要点解説,講師が本コースで扱う一連の業務を生成AIで通しで実演し、要点を解説します
gen,08,B11,2,0.5,生成AIによる受発注文書作成・基礎,見積書・注文請書の作成補助
gen,08,B12,3,1.0,生成AIによる受発注文書作成・実践,納期回答メール / 営業担当への引き継ぎメモ
gen,08,B21,4,0.5,生成AIによる受注データ整理・基礎,受注データの担当別・商品別集計
gen,08,B22,5,0.5,生成AIによる受注データ整理・実践,納期遅延案件の抽出
gen,08,B3,6,1.0,生成AIによる顧客対応応用①,見積根拠の説明文書
gen,08,B4,7,1.0,生成AIによる顧客対応応用②,仕様問い合わせ対応の下書き
gen,08,B5,8,1.0,生成AIによる顧客対応総合演習,ここまでの成果物を統合し、自身の業務を題材とした顧客対応の通し演習を行います(マスキング済みデータ又はダミーデータを使用し、講師の添削・指導のもと、生成AIを用いて訓練用の成果物を完成させます)
gen,08,C1,9,1.5,受注処理の生成AIテンプレート作成,見積作成チェックリスト / 受注処理フローのテンプレート化
gen,08,C2,10,0.5,生成AIテンプレートの業務フロー配置,作成した生成AIテンプレートを、自身の業務のどの工程で使うかにマッピングします
gen,08,D1,11,1.0,生成AIテンプレートの運用・修正演習,研修内で作成した自身の業務用生成AIテンプレートを対象に、出力が期待と異なる場合の修正(条件の追加・例示・出力形式の指定・作業の分割)・再実行・結果検証の手順を演習形式で習得します
gen,08,D2,12,0.5,業務での確認・チェック手順の習得演習,生成AI出力の検算・照合、機密情報の取り扱いなど、自身の業務に即した確認手順を演習で習得し、自業務向けに作成します
gen,08,D3,13,0.5,実務組み込み計画の作成・講師フィードバック,研修で作成した文書・生成AIテンプレートを日次・週次業務のどの工程で使うかの計画にまとめ、講師が個別に添削・フィードバックします
gen,09,B0,1,0.5,貿易事務職業務の生成AI活用実演・要点解説,講師が本コースで扱う一連の業務を生成AIで通しで実演し、要点を解説します
gen,09,B11,2,0.5,生成AIによる貿易文書作成・基礎,英文メール(船積案内・書類送付・納期調整)
gen,09,B12,3,1.0,生成AIによる貿易文書作成・実践,インボイス・パッキングリストの記載チェック
gen,09,B21,4,0.5,生成AIによる船積データ整理・基礎,船積スケジュールの一覧化
gen,09,B22,5,0.5,生成AIによる船積データ整理・実践,通関書類の必要項目照合
gen,09,B3,6,1.0,生成AIによる貿易対応応用①,英文契約条件の要点整理(和訳・比較)
gen,09,B4,7,1.0,生成AIによる貿易対応応用②,フォワーダーへの見積依頼文
gen,09,B5,8,1.0,生成AIによる貿易対応総合演習,ここまでの成果物を統合し、自身の業務を題材とした貿易対応の通し演習を行います(マスキング済みデータ又はダミーデータを使用し、講師の添削・指導のもと、生成AIを用いて訓練用の成果物を完成させます)
gen,09,C1,9,1.5,貿易業務の生成AIテンプレート作成,英文メールテンプレ集 / 出荷書類チェックリスト
gen,09,C2,10,0.5,生成AIテンプレートの業務フロー配置,作成した生成AIテンプレートを、自身の業務のどの工程で使うかにマッピングします
gen,09,D1,11,1.0,生成AIテンプレートの運用・修正演習,研修内で作成した自身の業務用生成AIテンプレートを対象に、出力が期待と異なる場合の修正(条件の追加・例示・出力形式の指定・作業の分割)・再実行・結果検証の手順を演習形式で習得します
gen,09,D2,12,0.5,業務での確認・チェック手順の習得演習,生成AI出力の検算・照合、機密情報の取り扱いなど、自身の業務に即した確認手順を演習で習得し、自業務向けに作成します
gen,09,D3,13,0.5,実務組み込み計画の作成・講師フィードバック,研修で作成した文書・生成AIテンプレートを日次・週次業務のどの工程で使うかの計画にまとめ、講師が個別に添削・フィードバックします
gen,10,B0,1,0.5,調達・購買職業務の生成AI活用実演・要点解説,講師が本コースで扱う一連の業務を生成AIで通しで実演し、要点を解説します
gen,10,B11,2,0.5,生成AIによる購買文書作成・基礎,見積依頼(RFQ)文書
gen,10,B12,3,1.0,生成AIによる購買文書作成・実践,価格交渉メール / 発注書送付状
gen,10,B21,4,0.5,生成AIによる仕入データ整理・基礎,相見積の比較表作成
gen,10,B22,5,0.5,生成AIによる仕入データ整理・実践,仕入価格の推移集計 / 発注リードタイム一覧
gen,10,B3,6,1.0,生成AIによる調達戦略応用①,代替サプライヤーのリサーチ
gen,10,B4,7,1.0,生成AIによる調達戦略応用②,価格改定要請への回答方針整理
gen,10,B5,8,1.0,生成AIによる調達戦略総合演習,ここまでの成果物を統合し、自身の業務を題材とした調達戦略の通し演習を行います(マスキング済みデータ又はダミーデータを使用し、講師の添削・指導のもと、生成AIを用いて訓練用の成果物を完成させます)
gen,10,C1,9,1.5,購買業務の生成AIテンプレート作成,RFQテンプレ / 発注前チェックリスト
gen,10,C2,10,0.5,生成AIテンプレートの業務フロー配置,作成した生成AIテンプレートを、自身の業務のどの工程で使うかにマッピングします
gen,10,D1,11,1.0,生成AIテンプレートの運用・修正演習,研修内で作成した自身の業務用生成AIテンプレートを対象に、出力が期待と異なる場合の修正(条件の追加・例示・出力形式の指定・作業の分割)・再実行・結果検証の手順を演習形式で習得します
gen,10,D2,12,0.5,業務での確認・チェック手順の習得演習,生成AI出力の検算・照合、機密情報の取り扱いなど、自身の業務に即した確認手順を演習で習得し、自業務向けに作成します
gen,10,D3,13,0.5,実務組み込み計画の作成・講師フィードバック,研修で作成した文書・生成AIテンプレートを日次・週次業務のどの工程で使うかの計画にまとめ、講師が個別に添削・フィードバックします
gen,11,B0,1,0.5,秘書・役員アシスタント職業務の生成AI活用実演・要点解説,講師が本コースで扱う一連の業務を生成AIで通しで実演し、要点を解説します
gen,11,B11,2,0.5,生成AIによる調整文書作成・基礎,社内外の日程調整メール(複数候補提示)
gen,11,B12,3,1.0,生成AIによる調整文書作成・実践,出張手配の依頼文 / 来客案内状
gen,11,B21,4,0.5,生成AIによる手配データ整理・基礎,出張の交通・宿泊比較表
gen,11,B22,5,0.5,生成AIによる手配データ整理・実践,会議資料の要約 / 経費仮払いの整理
gen,11,B3,6,1.0,生成AIによる役員支援応用①,会食店選定リサーチと候補提案書
gen,11,B4,7,1.0,生成AIによる役員支援応用②,スピーチ原稿の下書き補助
gen,11,B5,8,1.0,生成AIによる役員支援総合演習,ここまでの成果物を統合し、自身の業務を題材とした役員支援の通し演習を行います(マスキング済みデータ又はダミーデータを使用し、講師の添削・指導のもと、生成AIを用いて訓練用の成果物を完成させます)
gen,11,C1,9,1.5,秘書業務の生成AIテンプレート作成,日程調整テンプレ / 出張手配チェックリスト
gen,11,C2,10,0.5,生成AIテンプレートの業務フロー配置,作成した生成AIテンプレートを、自身の業務のどの工程で使うかにマッピングします
gen,11,D1,11,1.0,生成AIテンプレートの運用・修正演習,研修内で作成した自身の業務用生成AIテンプレートを対象に、出力が期待と異なる場合の修正(条件の追加・例示・出力形式の指定・作業の分割)・再実行・結果検証の手順を演習形式で習得します
gen,11,D2,12,0.5,業務での確認・チェック手順の習得演習,生成AI出力の検算・照合、機密情報の取り扱いなど、自身の業務に即した確認手順を演習で習得し、自業務向けに作成します
gen,11,D3,13,0.5,実務組み込み計画の作成・講師フィードバック,研修で作成した文書・生成AIテンプレートを日次・週次業務のどの工程で使うかの計画にまとめ、講師が個別に添削・フィードバックします
gen,12,B0,1,0.5,法務・契約事務職業務の生成AI活用実演・要点解説,講師が本コースで扱う一連の業務を生成AIで通しで実演し、要点を解説します
gen,12,B11,2,0.5,生成AIによる契約関連文書作成・基礎,契約締結依頼への社内回答文
gen,12,B12,3,1.0,生成AIによる契約関連文書作成・実践,押印・電子契約の案内文
gen,12,B21,4,0.5,生成AIによる契約データ整理・基礎,自社雛形と先方案の条文差分整理
gen,12,B22,5,0.5,生成AIによる契約データ整理・実践,契約台帳の期限管理
gen,12,B3,6,1.0,生成AIによる契約審査応用①,契約リスク論点の洗い出し(専門家相談前の整理)
gen,12,B4,7,1.0,生成AIによる契約審査応用②,NDAレビュー前チェック
gen,12,B5,8,1.0,生成AIによる契約審査総合演習,ここまでの成果物を統合し、自身の業務を題材とした契約審査の通し演習を行います(マスキング済みデータ又はダミーデータを使用し、講師の添削・指導のもと、生成AIを用いて訓練用の成果物を完成させます)
gen,12,C1,9,1.5,契約業務の生成AIテンプレート作成,契約審査の観点チェックリスト / 台帳更新テンプレート
gen,12,C2,10,0.5,生成AIテンプレートの業務フロー配置,作成した生成AIテンプレートを、自身の業務のどの工程で使うかにマッピングします
gen,12,D1,11,1.0,生成AIテンプレートの運用・修正演習,研修内で作成した自身の業務用生成AIテンプレートを対象に、出力が期待と異なる場合の修正(条件の追加・例示・出力形式の指定・作業の分割)・再実行・結果検証の手順を演習形式で習得します
gen,12,D2,12,0.5,業務での確認・チェック手順の習得演習,生成AI出力の検算・照合、機密情報の取り扱いなど、自身の業務に即した確認手順を演習で習得し、自業務向けに作成します
gen,12,D3,13,0.5,実務組み込み計画の作成・講師フィードバック,研修で作成した文書・生成AIテンプレートを日次・週次業務のどの工程で使うかの計画にまとめ、講師が個別に添削・フィードバックします
gen,13,B0,1,0.5,法人営業職(新規開拓)業務の生成AI活用実演・要点解説,講師が本コースで扱う一連の業務を生成AIで通しで実演し、要点を解説します
gen,13,B11,2,0.5,生成AIによる営業文書作成・基礎,アポ獲得メール・レター
gen,13,B12,3,1.0,生成AIによる営業文書作成・実践,提案書の構成案と本文 / 商談後お礼メール
gen,13,B21,4,0.5,生成AIによる商談データ整理・基礎,ターゲット企業リストの整備
gen,13,B22,5,0.5,生成AIによる商談データ整理・実践,商談議事録→次アクション抽出
gen,13,B3,6,1.0,生成AIによる提案力応用①,顧客業界の動向リサーチ→提案への反映
gen,13,B4,7,1.0,生成AIによる提案力応用②,失注理由の分析と切り返し整理
gen,13,B5,8,1.0,生成AIによる提案力総合演習,ここまでの成果物を統合し、自身の業務を題材とした提案力の通し演習を行います(マスキング済みデータ又はダミーデータを使用し、講師の添削・指導のもと、生成AIを用いて訓練用の成果物を完成させます)
gen,13,C1,9,1.5,営業活動の生成AIテンプレート作成,商談前リサーチテンプレート / 提案書骨子テンプレ / フォローメール集
gen,13,C2,10,0.5,生成AIテンプレートの業務フロー配置,作成した生成AIテンプレートを、自身の業務のどの工程で使うかにマッピングします
gen,13,D1,11,1.0,生成AIテンプレートの運用・修正演習,研修内で作成した自身の業務用生成AIテンプレートを対象に、出力が期待と異なる場合の修正(条件の追加・例示・出力形式の指定・作業の分割)・再実行・結果検証の手順を演習形式で習得します
gen,13,D2,12,0.5,業務での確認・チェック手順の習得演習,生成AI出力の検算・照合、機密情報の取り扱いなど、自身の業務に即した確認手順を演習で習得し、自業務向けに作成します
gen,13,D3,13,0.5,実務組み込み計画の作成・講師フィードバック,研修で作成した文書・生成AIテンプレートを日次・週次業務のどの工程で使うかの計画にまとめ、講師が個別に添削・フィードバックします
gen,14,B0,1,0.5,ルート営業職業務の生成AI活用実演・要点解説,講師が本コースで扱う一連の業務を生成AIで通しで実演し、要点を解説します
gen,14,B11,2,0.5,生成AIによる訪問文書作成・基礎,定期訪問の報告書
gen,14,B12,3,1.0,生成AIによる訪問文書作成・実践,新商品案内文 / 価格改定の説明文書
gen,14,B21,4,0.5,生成AIによる顧客データ整理・基礎,顧客別売上推移の集計
gen,14,B22,5,0.5,生成AIによる顧客データ整理・実践,訪問頻度と売上の関係整理 / 欠品・クレーム履歴の一覧化
gen,14,B3,6,1.0,生成AIによる深耕提案応用①,購買履歴からの顧客別提案ネタ出し
gen,14,B4,7,1.0,生成AIによる深耕提案応用②,休眠顧客への再アプローチ文
gen,14,B5,8,1.0,生成AIによる深耕提案総合演習,ここまでの成果物を統合し、自身の業務を題材とした深耕提案の通し演習を行います(マスキング済みデータ又はダミーデータを使用し、講師の添削・指導のもと、生成AIを用いて訓練用の成果物を完成させます)
gen,14,C1,9,1.5,巡回業務の生成AIテンプレート作成,訪問報告テンプレ / 月次顧客レビューテンプレート
gen,14,C2,10,0.5,生成AIテンプレートの業務フロー配置,作成した生成AIテンプレートを、自身の業務のどの工程で使うかにマッピングします
gen,14,D1,11,1.0,生成AIテンプレートの運用・修正演習,研修内で作成した自身の業務用生成AIテンプレートを対象に、出力が期待と異なる場合の修正(条件の追加・例示・出力形式の指定・作業の分割)・再実行・結果検証の手順を演習形式で習得します
gen,14,D2,12,0.5,業務での確認・チェック手順の習得演習,生成AI出力の検算・照合、機密情報の取り扱いなど、自身の業務に即した確認手順を演習で習得し、自業務向けに作成します
gen,14,D3,13,0.5,実務組み込み計画の作成・講師フィードバック,研修で作成した文書・生成AIテンプレートを日次・週次業務のどの工程で使うかの計画にまとめ、講師が個別に添削・フィードバックします
gen,15,B0,1,0.5,インサイドセールス職業務の生成AI活用実演・要点解説,講師が本コースで扱う一連の業務を生成AIで通しで実演し、要点を解説します
gen,15,B11,2,0.5,生成AIによる架電・メール文書作成・基礎,業界別架電スクリプト
gen,15,B12,3,1.0,生成AIによる架電・メール文書作成・実践,メール・フォーム営業文面 / 資料送付後の追客メール
gen,15,B21,4,0.5,生成AIによるリードデータ整理・基礎,リード情報の整理とスコアリング項目設計
gen,15,B22,5,0.5,生成AIによるリードデータ整理・実践,架電結果の集計
gen,15,B3,6,1.0,生成AIによるトーク改善応用①,断り文句別の切り返し集作成
gen,15,B4,7,1.0,生成AIによるトーク改善応用②,文面ABテストの生成と検証設計
gen,15,B5,8,1.0,生成AIによるトーク改善総合演習,ここまでの成果物を統合し、自身の業務を題材としたトーク改善の通し演習を行います(マスキング済みデータ又はダミーデータを使用し、講師の添削・指導のもと、生成AIを用いて訓練用の成果物を完成させます)
gen,15,C1,9,1.5,追客の生成AIテンプレート作成,架電前リサーチテンプレート / 追客メールシーケンス
gen,15,C2,10,0.5,生成AIテンプレートの業務フロー配置,作成した生成AIテンプレートを、自身の業務のどの工程で使うかにマッピングします
gen,15,D1,11,1.0,生成AIテンプレートの運用・修正演習,研修内で作成した自身の業務用生成AIテンプレートを対象に、出力が期待と異なる場合の修正(条件の追加・例示・出力形式の指定・作業の分割)・再実行・結果検証の手順を演習形式で習得します
gen,15,D2,12,0.5,業務での確認・チェック手順の習得演習,生成AI出力の検算・照合、機密情報の取り扱いなど、自身の業務に即した確認手順を演習で習得し、自業務向けに作成します
gen,15,D3,13,0.5,実務組み込み計画の作成・講師フィードバック,研修で作成した文書・生成AIテンプレートを日次・週次業務のどの工程で使うかの計画にまとめ、講師が個別に添削・フィードバックします
gen,16,B0,1,0.5,カスタマーサクセス職業務の生成AI活用実演・要点解説,講師が本コースで扱う一連の業務を生成AIで通しで実演し、要点を解説します
gen,16,B11,2,0.5,生成AIによる顧客支援文書作成・基礎,オンボーディング案内文
gen,16,B12,3,1.0,生成AIによる顧客支援文書作成・実践,活用提案メール / 解約希望への対応文
gen,16,B21,4,0.5,生成AIによる利用データ整理・基礎,利用状況からの解約リスク顧客抽出
gen,16,B22,5,0.5,生成AIによる利用データ整理・実践,問い合わせ傾向の分類
gen,16,B3,6,1.0,生成AIによる顧客支援応用①,顧客別ヘルスチェックレポート作成
gen,16,B4,7,1.0,生成AIによる顧客支援応用②,活用事例記事の下書き
gen,16,B5,8,1.0,生成AIによる顧客支援総合演習,ここまでの成果物を統合し、自身の業務を題材とした顧客支援の通し演習を行います(マスキング済みデータ又はダミーデータを使用し、講師の添削・指導のもと、生成AIを用いて訓練用の成果物を完成させます)
gen,16,C1,9,1.5,CS業務の生成AIテンプレート作成,オンボーディングチェックリスト / 月次レビューレポートテンプレート
gen,16,C2,10,0.5,生成AIテンプレートの業務フロー配置,作成した生成AIテンプレートを、自身の業務のどの工程で使うかにマッピングします
gen,16,D1,11,1.0,生成AIテンプレートの運用・修正演習,研修内で作成した自身の業務用生成AIテンプレートを対象に、出力が期待と異なる場合の修正(条件の追加・例示・出力形式の指定・作業の分割)・再実行・結果検証の手順を演習形式で習得します
gen,16,D2,12,0.5,業務での確認・チェック手順の習得演習,生成AI出力の検算・照合、機密情報の取り扱いなど、自身の業務に即した確認手順を演習で習得し、自業務向けに作成します
gen,16,D3,13,0.5,実務組み込み計画の作成・講師フィードバック,研修で作成した文書・生成AIテンプレートを日次・週次業務のどの工程で使うかの計画にまとめ、講師が個別に添削・フィードバックします
gen,17,B0,1,0.5,販売営業職(店舗販売)業務の生成AI活用実演・要点解説,講師が本コースで扱う一連の業務を生成AIで通しで実演し、要点を解説します
gen,17,B11,2,0.5,生成AIによる店頭文書作成・基礎,商品説明POP・プライスカード文言
gen,17,B12,3,1.0,生成AIによる店頭文書作成・実践,顧客へのDM・LINE配信文 / 入荷案内
gen,17,B21,4,0.5,生成AIによる売上データ整理・基礎,売上の商品別・時間帯別集計
gen,17,B22,5,0.5,生成AIによる売上データ整理・実践,顧客アンケート・レビューの分類
gen,17,B3,6,1.0,生成AIによる接客・売場応用①,客層別の接客トーク改善ロールプレイ
gen,17,B4,7,1.0,生成AIによる接客・売場応用②,季節催事の売場企画案
gen,17,B5,8,1.0,生成AIによる接客・売場総合演習,ここまでの成果物を統合し、自身の業務を題材とした接客・売場の通し演習を行います(マスキング済みデータ又はダミーデータを使用し、講師の添削・指導のもと、生成AIを用いて訓練用の成果物を完成させます)
gen,17,C1,9,1.5,店舗業務の生成AIテンプレート作成,POP作成テンプレート集 / 月次売れ筋レビュー / 顧客フォロー文テンプレ
gen,17,C2,10,0.5,生成AIテンプレートの業務フロー配置,作成した生成AIテンプレートを、自身の業務のどの工程で使うかにマッピングします
gen,17,D1,11,1.0,生成AIテンプレートの運用・修正演習,研修内で作成した自身の業務用生成AIテンプレートを対象に、出力が期待と異なる場合の修正(条件の追加・例示・出力形式の指定・作業の分割)・再実行・結果検証の手順を演習形式で習得します
gen,17,D2,12,0.5,業務での確認・チェック手順の習得演習,生成AI出力の検算・照合、機密情報の取り扱いなど、自身の業務に即した確認手順を演習で習得し、自業務向けに作成します
gen,17,D3,13,0.5,実務組み込み計画の作成・講師フィードバック,研修で作成した文書・生成AIテンプレートを日次・週次業務のどの工程で使うかの計画にまとめ、講師が個別に添削・フィードバックします
gen,18,B0,1,0.5,不動産売買営業職業務の生成AI活用実演・要点解説,講師が本コースで扱う一連の業務を生成AIで通しで実演し、要点を解説します
gen,18,B11,2,0.5,生成AIによる物件文書作成・基礎,ポータル掲載用の物件紹介文
gen,18,B12,3,1.0,生成AIによる物件文書作成・実践,査定報告書の説明文 / 追客メール
gen,18,B21,4,0.5,生成AIによる相場データ整理・基礎,周辺相場の比較表作成
gen,18,B22,5,0.5,生成AIによる相場データ整理・実践,反響データの媒体別集計
gen,18,B3,6,1.0,生成AIによる提案資料応用①,物件周辺環境のリサーチ→提案資料化
gen,18,B4,7,1.0,生成AIによる提案資料応用②,住宅ローンの一般的な説明資料作成
gen,18,B5,8,1.0,生成AIによる提案資料総合演習,ここまでの成果物を統合し、自身の業務を題材とした提案資料の通し演習を行います(マスキング済みデータ又はダミーデータを使用し、講師の添削・指導のもと、生成AIを用いて訓練用の成果物を完成させます)
gen,18,C1,9,1.5,売買営業の生成AIテンプレート作成,物件紹介文テンプレ / 査定報告の構成テンプレ
gen,18,C2,10,0.5,生成AIテンプレートの業務フロー配置,作成した生成AIテンプレートを、自身の業務のどの工程で使うかにマッピングします
gen,18,D1,11,1.0,生成AIテンプレートの運用・修正演習,研修内で作成した自身の業務用生成AIテンプレートを対象に、出力が期待と異なる場合の修正(条件の追加・例示・出力形式の指定・作業の分割)・再実行・結果検証の手順を演習形式で習得します
gen,18,D2,12,0.5,業務での確認・チェック手順の習得演習,生成AI出力の検算・照合、機密情報の取り扱いなど、自身の業務に即した確認手順を演習で習得し、自業務向けに作成します
gen,18,D3,13,0.5,実務組み込み計画の作成・講師フィードバック,研修で作成した文書・生成AIテンプレートを日次・週次業務のどの工程で使うかの計画にまとめ、講師が個別に添削・フィードバックします
gen,19,B0,1,0.5,不動産賃貸営業・管理職業務の生成AI活用実演・要点解説,講師が本コースで扱う一連の業務を生成AIで通しで実演し、要点を解説します
gen,19,B11,2,0.5,生成AIによる賃貸文書作成・基礎,空室物件の紹介文
gen,19,B12,3,1.0,生成AIによる賃貸文書作成・実践,入居者への更新案内・注意喚起文 / オーナー向け報告書
gen,19,B21,4,0.5,生成AIによる物件データ整理・基礎,空室一覧・家賃相場の整理
gen,19,B22,5,0.5,生成AIによる物件データ整理・実践,修繕履歴の一覧化
gen,19,B3,6,1.0,生成AIによる空室対策応用①,空室対策の提案書(設備・賃料見直し)
gen,19,B4,7,1.0,生成AIによる空室対策応用②,入居者対応の記録整理
gen,19,B5,8,1.0,生成AIによる空室対策総合演習,ここまでの成果物を統合し、自身の業務を題材とした空室対策の通し演習を行います(マスキング済みデータ又はダミーデータを使用し、講師の添削・指導のもと、生成AIを用いて訓練用の成果物を完成させます)
gen,19,C1,9,1.5,管理業務の生成AIテンプレート作成,契約更新案内テンプレ / オーナー月次報告テンプレート
gen,19,C2,10,0.5,生成AIテンプレートの業務フロー配置,作成した生成AIテンプレートを、自身の業務のどの工程で使うかにマッピングします
gen,19,D1,11,1.0,生成AIテンプレートの運用・修正演習,研修内で作成した自身の業務用生成AIテンプレートを対象に、出力が期待と異なる場合の修正(条件の追加・例示・出力形式の指定・作業の分割)・再実行・結果検証の手順を演習形式で習得します
gen,19,D2,12,0.5,業務での確認・チェック手順の習得演習,生成AI出力の検算・照合、機密情報の取り扱いなど、自身の業務に即した確認手順を演習で習得し、自業務向けに作成します
gen,19,D3,13,0.5,実務組み込み計画の作成・講師フィードバック,研修で作成した文書・生成AIテンプレートを日次・週次業務のどの工程で使うかの計画にまとめ、講師が個別に添削・フィードバックします
gen,20,B0,1,0.5,住宅・リフォーム営業職業務の生成AI活用実演・要点解説,講師が本コースで扱う一連の業務を生成AIで通しで実演し、要点を解説します
gen,20,B11,2,0.5,生成AIによる提案文書作成・基礎,現地調査後のお礼と提案予告メール
gen,20,B12,3,1.0,生成AIによる提案文書作成・実践,見積書の説明文書 / 施工事例紹介文
gen,20,B21,4,0.5,生成AIによる見積データ整理・基礎,見積項目の整理・比較表
gen,20,B22,5,0.5,生成AIによる見積データ整理・実践,過去案件の受注率集計
gen,20,B3,6,1.0,生成AIによる受注促進応用①,施工事例のビフォーアフター記事化
gen,20,B4,7,1.0,生成AIによる受注促進応用②,補助金制度の調査と案内文(最新情報の要確認を注記)
gen,20,B5,8,1.0,生成AIによる受注促進総合演習,ここまでの成果物を統合し、自身の業務を題材とした受注促進の通し演習を行います(マスキング済みデータ又はダミーデータを使用し、講師の添削・指導のもと、生成AIを用いて訓練用の成果物を完成させます)
gen,20,C1,9,1.5,営業プロセスの生成AIテンプレート作成,見積提示トークの型 / 現地調査チェックリスト
gen,20,C2,10,0.5,生成AIテンプレートの業務フロー配置,作成した生成AIテンプレートを、自身の業務のどの工程で使うかにマッピングします
gen,20,D1,11,1.0,生成AIテンプレートの運用・修正演習,研修内で作成した自身の業務用生成AIテンプレートを対象に、出力が期待と異なる場合の修正(条件の追加・例示・出力形式の指定・作業の分割)・再実行・結果検証の手順を演習形式で習得します
gen,20,D2,12,0.5,業務での確認・チェック手順の習得演習,生成AI出力の検算・照合、機密情報の取り扱いなど、自身の業務に即した確認手順を演習で習得し、自業務向けに作成します
gen,20,D3,13,0.5,実務組み込み計画の作成・講師フィードバック,研修で作成した文書・生成AIテンプレートを日次・週次業務のどの工程で使うかの計画にまとめ、講師が個別に添削・フィードバックします
gen,21,B0,1,0.5,保険営業職業務の生成AI活用実演・要点解説,講師が本コースで扱う一連の業務を生成AIで通しで実演し、要点を解説します
gen,21,B11,2,0.5,生成AIによる顧客文書作成・基礎,面談アポメール
gen,21,B12,3,1.0,生成AIによる顧客文書作成・実践,保障見直しの一般的な説明文書 / 契約後フォロー文
gen,21,B21,4,0.5,生成AIによる顧客データ整理・基礎,顧客リストの更新月・年齢節目の整理
gen,21,B22,5,0.5,生成AIによる顧客データ整理・実践,面談記録の整理
gen,21,B3,6,1.0,生成AIによる提案準備応用①,ライフイベント別の話法整理
gen,21,B4,7,1.0,生成AIによる提案準備応用②,セミナー案内文と資料骨子
gen,21,B5,8,1.0,生成AIによる提案準備総合演習,ここまでの成果物を統合し、自身の業務を題材とした提案準備の通し演習を行います(マスキング済みデータ又はダミーデータを使用し、講師の添削・指導のもと、生成AIを用いて訓練用の成果物を完成させます)
gen,21,C1,9,1.5,面談の生成AIテンプレート作成,面談準備テンプレート / フォロー年間計画テンプレ
gen,21,C2,10,0.5,生成AIテンプレートの業務フロー配置,作成した生成AIテンプレートを、自身の業務のどの工程で使うかにマッピングします
gen,21,D1,11,1.0,生成AIテンプレートの運用・修正演習,研修内で作成した自身の業務用生成AIテンプレートを対象に、出力が期待と異なる場合の修正(条件の追加・例示・出力形式の指定・作業の分割)・再実行・結果検証の手順を演習形式で習得します
gen,21,D2,12,0.5,業務での確認・チェック手順の習得演習,生成AI出力の検算・照合、機密情報の取り扱いなど、自身の業務に即した確認手順を演習で習得し、自業務向けに作成します
gen,21,D3,13,0.5,実務組み込み計画の作成・講師フィードバック,研修で作成した文書・生成AIテンプレートを日次・週次業務のどの工程で使うかの計画にまとめ、講師が個別に添削・フィードバックします
gen,22,B0,1,0.5,自動車販売営業職業務の生成AI活用実演・要点解説,講師が本コースで扱う一連の業務を生成AIで通しで実演し、要点を解説します
gen,22,B11,2,0.5,生成AIによる販売文書作成・基礎,来店お礼・車検
gen,22,B12,3,1.0,生成AIによる販売文書作成・実践,点検案内 / 下取り査定の説明文 / 納車案内
gen,22,B21,4,0.5,生成AIによる顧客データ整理・基礎,車検時期・買替サイクルの一覧化
gen,22,B22,5,0.5,生成AIによる顧客データ整理・実践,試乗アンケート集計
gen,22,B3,6,1.0,生成AIによる販売促進応用①,競合車種との比較説明資料
gen,22,B4,7,1.0,生成AIによる販売促進応用②,購入後フォローのシナリオ設計
gen,22,B5,8,1.0,生成AIによる販売促進総合演習,ここまでの成果物を統合し、自身の業務を題材とした販売促進の通し演習を行います(マスキング済みデータ又はダミーデータを使用し、講師の添削・指導のもと、生成AIを用いて訓練用の成果物を完成させます)
gen,22,C1,9,1.5,顧客接点の生成AIテンプレート作成,定期接点(車検・保険・点検)案内文の年間カレンダー化
gen,22,C2,10,0.5,生成AIテンプレートの業務フロー配置,作成した生成AIテンプレートを、自身の業務のどの工程で使うかにマッピングします
gen,22,D1,11,1.0,生成AIテンプレートの運用・修正演習,研修内で作成した自身の業務用生成AIテンプレートを対象に、出力が期待と異なる場合の修正(条件の追加・例示・出力形式の指定・作業の分割)・再実行・結果検証の手順を演習形式で習得します
gen,22,D2,12,0.5,業務での確認・チェック手順の習得演習,生成AI出力の検算・照合、機密情報の取り扱いなど、自身の業務に即した確認手順を演習で習得し、自業務向けに作成します
gen,22,D3,13,0.5,実務組み込み計画の作成・講師フィードバック,研修で作成した文書・生成AIテンプレートを日次・週次業務のどの工程で使うかの計画にまとめ、講師が個別に添削・フィードバックします
gen,23,B0,1,0.5,マーケティング職業務の生成AI活用実演・要点解説,講師が本コースで扱う一連の業務を生成AIで通しで実演し、要点を解説します
gen,23,B11,2,0.5,生成AIによる広告文書作成・基礎,広告見出し・本文のバリエーション生成
gen,23,B12,3,1.0,生成AIによる広告文書作成・実践,LP構成案とセールスコピー
gen,23,B21,4,0.5,生成AIによる計測データ整理・基礎,アクセス解析データの要約と示唆抽出
gen,23,B22,5,0.5,生成AIによる計測データ整理・実践,広告レポートの月次整理
gen,23,B3,6,1.0,生成AIによる戦略立案応用①,競合3社の訴求分析
gen,23,B4,7,1.0,生成AIによる戦略立案応用②,ペルソナ・カスタマージャーニー設計
gen,23,B5,8,1.0,生成AIによる戦略立案総合演習,ここまでの成果物を統合し、自身の業務を題材とした戦略立案の通し演習を行います(マスキング済みデータ又はダミーデータを使用し、講師の添削・指導のもと、生成AIを用いて訓練用の成果物を完成させます)
gen,23,C1,9,1.5,施策運用の生成AIテンプレート作成,施策振り返りレポートテンプレート / 広告文生成テンプレ
gen,23,C2,10,0.5,生成AIテンプレートの業務フロー配置,作成した生成AIテンプレートを、自身の業務のどの工程で使うかにマッピングします
gen,23,D1,11,1.0,生成AIテンプレートの運用・修正演習,研修内で作成した自身の業務用生成AIテンプレートを対象に、出力が期待と異なる場合の修正(条件の追加・例示・出力形式の指定・作業の分割)・再実行・結果検証の手順を演習形式で習得します
gen,23,D2,12,0.5,業務での確認・チェック手順の習得演習,生成AI出力の検算・照合、機密情報の取り扱いなど、自身の業務に即した確認手順を演習で習得し、自業務向けに作成します
gen,23,D3,13,0.5,実務組み込み計画の作成・講師フィードバック,研修で作成した文書・生成AIテンプレートを日次・週次業務のどの工程で使うかの計画にまとめ、講師が個別に添削・フィードバックします
gen,24,B0,1,0.5,SNS運用職業務の生成AI活用実演・要点解説,講師が本コースで扱う一連の業務を生成AIで通しで実演し、要点を解説します
gen,24,B11,2,0.5,生成AIによる投稿文作成・基礎,媒体別トーンでの投稿文量産
gen,24,B12,3,1.0,生成AIによる投稿文作成・実践,コメント返信文 / キャンペーン告知文
gen,24,B21,4,0.5,生成AIによる投稿データ整理・基礎,投稿実績の曜日・時間帯・形式別集計
gen,24,B22,5,0.5,生成AIによる投稿データ整理・実践,伸びた投稿の共通点分析
gen,24,B3,6,1.0,生成AIによる運用設計応用①,月間投稿カレンダー設計
gen,24,B4,7,1.0,生成AIによる運用設計応用②,炎上リスクチェックの観点整理
gen,24,B5,8,1.0,生成AIによる運用設計総合演習,ここまでの成果物を統合し、自身の業務を題材とした運用設計の通し演習を行います(マスキング済みデータ又はダミーデータを使用し、講師の添削・指導のもと、生成AIを用いて訓練用の成果物を完成させます)
gen,24,C1,9,1.5,運用の生成AIテンプレート作成,投稿生成テンプレート集 / 月次レポートテンプレ
gen,24,C2,10,0.5,生成AIテンプレートの業務フロー配置,作成した生成AIテンプレートを、自身の業務のどの工程で使うかにマッピングします
gen,24,D1,11,1.0,生成AIテンプレートの運用・修正演習,研修内で作成した自身の業務用生成AIテンプレートを対象に、出力が期待と異なる場合の修正(条件の追加・例示・出力形式の指定・作業の分割)・再実行・結果検証の手順を演習形式で習得します
gen,24,D2,12,0.5,業務での確認・チェック手順の習得演習,生成AI出力の検算・照合、機密情報の取り扱いなど、自身の業務に即した確認手順を演習で習得し、自業務向けに作成します
gen,24,D3,13,0.5,実務組み込み計画の作成・講師フィードバック,研修で作成した文書・生成AIテンプレートを日次・週次業務のどの工程で使うかの計画にまとめ、講師が個別に添削・フィードバックします
gen,25,B0,1,0.5,広報・PR職業務の生成AI活用実演・要点解説,講師が本コースで扱う一連の業務を生成AIで通しで実演し、要点を解説します
gen,25,B11,2,0.5,生成AIによる広報文書作成・基礎,プレスリリース作成
gen,25,B12,3,1.0,生成AIによる広報文書作成・実践,メディアへの売り込みメール / 社内報記事
gen,25,B21,4,0.5,生成AIによる掲載データ整理・基礎,掲載実績の一覧化
gen,25,B22,5,0.5,生成AIによる掲載データ整理・実践,メディアリストの整備
gen,25,B3,6,1.0,生成AIによる広報戦略応用①,想定Q&A(危機管理含む)の整備
gen,25,B4,7,1.0,生成AIによる広報戦略応用②,周年・受賞のストーリー記事化
gen,25,B5,8,1.0,生成AIによる広報戦略総合演習,ここまでの成果物を統合し、自身の業務を題材とした広報戦略の通し演習を行います(マスキング済みデータ又はダミーデータを使用し、講師の添削・指導のもと、生成AIを用いて訓練用の成果物を完成させます)
gen,25,C1,9,1.5,広報業務の生成AIテンプレート作成,リリース構成テンプレ / 記者フォロー文テンプレ
gen,25,C2,10,0.5,生成AIテンプレートの業務フロー配置,作成した生成AIテンプレートを、自身の業務のどの工程で使うかにマッピングします
gen,25,D1,11,1.0,生成AIテンプレートの運用・修正演習,研修内で作成した自身の業務用生成AIテンプレートを対象に、出力が期待と異なる場合の修正(条件の追加・例示・出力形式の指定・作業の分割)・再実行・結果検証の手順を演習形式で習得します
gen,25,D2,12,0.5,業務での確認・チェック手順の習得演習,生成AI出力の検算・照合、機密情報の取り扱いなど、自身の業務に即した確認手順を演習で習得し、自業務向けに作成します
gen,25,D3,13,0.5,実務組み込み計画の作成・講師フィードバック,研修で作成した文書・生成AIテンプレートを日次・週次業務のどの工程で使うかの計画にまとめ、講師が個別に添削・フィードバックします
gen,26,B0,1,0.5,ライター・編集職業務の生成AI活用実演・要点解説,講師が本コースで扱う一連の業務を生成AIで通しで実演し、要点を解説します
gen,26,B11,2,0.5,生成AIによる記事作成・基礎,記事構成案の生成と本文執筆補助
gen,26,B12,3,1.0,生成AIによる記事作成・実践,タイトル・見出しのバリエーション出し
gen,26,B21,4,0.5,生成AIによる編集データ整理・基礎,校正・表記ゆれチェックの半自動化
gen,26,B22,5,0.5,生成AIによる編集データ整理・実践,SEOキーワードの整理
gen,26,B3,6,1.0,生成AIによる編集応用①,インタビュー文字起こし→記事化
gen,26,B4,7,1.0,生成AIによる編集応用②,リライトによる品質改善演習
gen,26,B5,8,1.0,生成AIによる編集総合演習,ここまでの成果物を統合し、自身の業務を題材とした編集の通し演習を行います(マスキング済みデータ又はダミーデータを使用し、講師の添削・指導のもと、生成AIを用いて訓練用の成果物を完成させます)
gen,26,C1,9,1.5,執筆の生成AIテンプレート作成,執筆前リサーチテンプレート / 校正チェックリスト
gen,26,C2,10,0.5,生成AIテンプレートの業務フロー配置,作成した生成AIテンプレートを、自身の業務のどの工程で使うかにマッピングします
gen,26,D1,11,1.0,生成AIテンプレートの運用・修正演習,研修内で作成した自身の業務用生成AIテンプレートを対象に、出力が期待と異なる場合の修正(条件の追加・例示・出力形式の指定・作業の分割)・再実行・結果検証の手順を演習形式で習得します
gen,26,D2,12,0.5,業務での確認・チェック手順の習得演習,生成AI出力の検算・照合、機密情報の取り扱いなど、自身の業務に即した確認手順を演習で習得し、自業務向けに作成します
gen,26,D3,13,0.5,実務組み込み計画の作成・講師フィードバック,研修で作成した文書・生成AIテンプレートを日次・週次業務のどの工程で使うかの計画にまとめ、講師が個別に添削・フィードバックします
gen,27,B0,1,0.5,Webデザイナー職業務の生成AI活用実演・要点解説,講師が本コースで扱う一連の業務を生成AIで通しで実演し、要点を解説します
gen,27,B11,2,0.5,生成AIによる制作関連文書作成・基礎,デザイン意図の説明文書
gen,27,B12,3,1.0,生成AIによる制作関連文書作成・実践,修正指示への確認文 / 実績紹介文
gen,27,B21,4,0.5,生成AIによる進行データ整理・基礎,曖昧な修正依頼→具体タスク化
gen,27,B22,5,0.5,生成AIによる進行データ整理・実践,素材・フォントのライセンス確認整理
gen,27,B3,6,1.0,生成AIによる制作応用①,デザイン案のバリエーション出し(参考構図の言語化)
gen,27,B4,7,1.0,生成AIによる制作応用②,HTML・CSSコーディング補助
gen,27,B5,8,1.0,生成AIによる制作総合演習,ここまでの成果物を統合し、自身の業務を題材とした制作の通し演習を行います(マスキング済みデータ又はダミーデータを使用し、講師の添削・指導のもと、生成AIを用いて訓練用の成果物を完成させます)
gen,27,C1,9,1.5,制作進行の生成AIテンプレート作成,ヒアリングシートテンプレ / 納品前チェックリスト
gen,27,C2,10,0.5,生成AIテンプレートの業務フロー配置,作成した生成AIテンプレートを、自身の業務のどの工程で使うかにマッピングします
gen,27,D1,11,1.0,生成AIテンプレートの運用・修正演習,研修内で作成した自身の業務用生成AIテンプレートを対象に、出力が期待と異なる場合の修正(条件の追加・例示・出力形式の指定・作業の分割)・再実行・結果検証の手順を演習形式で習得します
gen,27,D2,12,0.5,業務での確認・チェック手順の習得演習,生成AI出力の検算・照合、機密情報の取り扱いなど、自身の業務に即した確認手順を演習で習得し、自業務向けに作成します
gen,27,D3,13,0.5,実務組み込み計画の作成・講師フィードバック,研修で作成した文書・生成AIテンプレートを日次・週次業務のどの工程で使うかの計画にまとめ、講師が個別に添削・フィードバックします
gen,28,B0,1,0.5,グラフィックデザイナー職業務の生成AI活用実演・要点解説,講師が本コースで扱う一連の業務を生成AIで通しで実演し、要点を解説します
gen,28,B11,2,0.5,生成AIによる制作文書作成・基礎,制作物のコンセプト文
gen,28,B12,3,1.0,生成AIによる制作文書作成・実践,印刷入稿の確認連絡文
gen,28,B21,4,0.5,生成AIによる入稿データ整理・基礎,入稿データチェック項目の整理
gen,28,B22,5,0.5,生成AIによる入稿データ整理・実践,制作進行表の管理
gen,28,B3,6,1.0,生成AIによる企画制作応用①,チラシ・パンフのコピーと構成案出し
gen,28,B4,7,1.0,生成AIによる企画制作応用②,過去制作物のアーカイブ整理
gen,28,B5,8,1.0,生成AIによる企画制作総合演習,ここまでの成果物を統合し、自身の業務を題材とした企画制作の通し演習を行います(マスキング済みデータ又はダミーデータを使用し、講師の添削・指導のもと、生成AIを用いて訓練用の成果物を完成させます)
gen,28,C1,9,1.5,制作の生成AIテンプレート作成,入稿前チェックリスト / ヒアリングテンプレ
gen,28,C2,10,0.5,生成AIテンプレートの業務フロー配置,作成した生成AIテンプレートを、自身の業務のどの工程で使うかにマッピングします
gen,28,D1,11,1.0,生成AIテンプレートの運用・修正演習,研修内で作成した自身の業務用生成AIテンプレートを対象に、出力が期待と異なる場合の修正(条件の追加・例示・出力形式の指定・作業の分割)・再実行・結果検証の手順を演習形式で習得します
gen,28,D2,12,0.5,業務での確認・チェック手順の習得演習,生成AI出力の検算・照合、機密情報の取り扱いなど、自身の業務に即した確認手順を演習で習得し、自業務向けに作成します
gen,28,D3,13,0.5,実務組み込み計画の作成・講師フィードバック,研修で作成した文書・生成AIテンプレートを日次・週次業務のどの工程で使うかの計画にまとめ、講師が個別に添削・フィードバックします
gen,29,B0,1,0.5,動画制作職業務の生成AI活用実演・要点解説,講師が本コースで扱う一連の業務を生成AIで通しで実演し、要点を解説します
gen,29,B11,2,0.5,生成AIによる台本作成・基礎,企画書・構成台本の作成
gen,29,B12,3,1.0,生成AIによる台本作成・実践,テロップ・ナレーション原稿
gen,29,B21,4,0.5,生成AIによる素材データ整理・基礎,撮影素材の管理表作成
gen,29,B22,5,0.5,生成AIによる素材データ整理・実践,字幕データの整形
gen,29,B3,6,1.0,生成AIによる編集企画応用①,尺別の再編集案(ロング→ショート展開)
gen,29,B4,7,1.0,生成AIによる編集企画応用②,サムネイル文言のABパターン
gen,29,B5,8,1.0,生成AIによる編集企画総合演習,ここまでの成果物を統合し、自身の業務を題材とした編集企画の通し演習を行います(マスキング済みデータ又はダミーデータを使用し、講師の添削・指導のもと、生成AIを用いて訓練用の成果物を完成させます)
gen,29,C1,9,1.5,制作の生成AIテンプレート作成,構成台本テンプレ / 納品チェックリスト
gen,29,C2,10,0.5,生成AIテンプレートの業務フロー配置,作成した生成AIテンプレートを、自身の業務のどの工程で使うかにマッピングします
gen,29,D1,11,1.0,生成AIテンプレートの運用・修正演習,研修内で作成した自身の業務用生成AIテンプレートを対象に、出力が期待と異なる場合の修正(条件の追加・例示・出力形式の指定・作業の分割)・再実行・結果検証の手順を演習形式で習得します
gen,29,D2,12,0.5,業務での確認・チェック手順の習得演習,生成AI出力の検算・照合、機密情報の取り扱いなど、自身の業務に即した確認手順を演習で習得し、自業務向けに作成します
gen,29,D3,13,0.5,実務組み込み計画の作成・講師フィードバック,研修で作成した文書・生成AIテンプレートを日次・週次業務のどの工程で使うかの計画にまとめ、講師が個別に添削・フィードバックします
gen,30,B0,1,0.5,EC運営職業務の生成AI活用実演・要点解説,講師が本コースで扱う一連の業務を生成AIで通しで実演し、要点を解説します
gen,30,B11,2,0.5,生成AIによる商品ページ作成・基礎,商品タイトル・説明文・スペック表の作成
gen,30,B12,3,1.0,生成AIによる商品ページ作成・実践,レビュー返信文
gen,30,B21,4,0.5,生成AIによる販売データ整理・基礎,売上・アクセスCSVの集計
gen,30,B22,5,0.5,生成AIによる販売データ整理・実践,在庫回転の整理
gen,30,B3,6,1.0,生成AIによる販促企画応用①,モール規約の確認整理
gen,30,B4,7,1.0,生成AIによる販促企画応用②,季節イベントの販促計画案
gen,30,B5,8,1.0,生成AIによる販促企画総合演習,ここまでの成果物を統合し、自身の業務を題材とした販促企画の通し演習を行います(マスキング済みデータ又はダミーデータを使用し、講師の添削・指導のもと、生成AIを用いて訓練用の成果物を完成させます)
gen,30,C1,9,1.5,運営の生成AIテンプレート作成,商品登録テンプレートテンプレ / 月次販売レビュー
gen,30,C2,10,0.5,生成AIテンプレートの業務フロー配置,作成した生成AIテンプレートを、自身の業務のどの工程で使うかにマッピングします
gen,30,D1,11,1.0,生成AIテンプレートの運用・修正演習,研修内で作成した自身の業務用生成AIテンプレートを対象に、出力が期待と異なる場合の修正(条件の追加・例示・出力形式の指定・作業の分割)・再実行・結果検証の手順を演習形式で習得します
gen,30,D2,12,0.5,業務での確認・チェック手順の習得演習,生成AI出力の検算・照合、機密情報の取り扱いなど、自身の業務に即した確認手順を演習で習得し、自業務向けに作成します
gen,30,D3,13,0.5,実務組み込み計画の作成・講師フィードバック,研修で作成した文書・生成AIテンプレートを日次・週次業務のどの工程で使うかの計画にまとめ、講師が個別に添削・フィードバックします
gen,31,B0,1,0.5,介護職(入所施設)業務の生成AI活用実演・要点解説,講師が本コースで扱う一連の業務を生成AIで通しで実演し、要点を解説します
gen,31,B11,2,0.5,生成AIによる介護記録作成・基礎,音声メモ→介護記録の整形
gen,31,B12,3,1.0,生成AIによる介護記録作成・実践,申し送り事項の要約 / 家族への様子報告文
gen,31,B21,4,0.5,生成AIによる記録データ整理・基礎,ヒヤリハット報告の分類・傾向整理
gen,31,B22,5,0.5,生成AIによる記録データ整理・実践,レクリエーション実施記録の整理
gen,31,B3,6,1.0,生成AIによるケア記録応用①,ケース記録から状態変化の時系列整理(職員会議準備)
gen,31,B4,7,1.0,生成AIによるケア記録応用②,行事計画書作成
gen,31,B5,8,1.0,生成AIによるケア記録総合演習,ここまでの成果物を統合し、自身の業務を題材としたケア記録の通し演習を行います(マスキング済みデータ又はダミーデータを使用し、講師の添削・指導のもと、生成AIを用いて訓練用の成果物を完成させます)
gen,31,C1,9,1.5,記録業務の生成AIテンプレート作成,記録文体の統一テンプレ / 申し送りフォーマット
gen,31,C2,10,0.5,生成AIテンプレートの業務フロー配置,作成した生成AIテンプレートを、自身の業務のどの工程で使うかにマッピングします
gen,31,D1,11,1.0,生成AIテンプレートの運用・修正演習,研修内で作成した自身の業務用生成AIテンプレートを対象に、出力が期待と異なる場合の修正(条件の追加・例示・出力形式の指定・作業の分割)・再実行・結果検証の手順を演習形式で習得します
gen,31,D2,12,0.5,業務での確認・チェック手順の習得演習,生成AI出力の検算・照合、機密情報の取り扱いなど、自身の業務に即した確認手順を演習で習得し、自業務向けに作成します
gen,31,D3,13,0.5,実務組み込み計画の作成・講師フィードバック,研修で作成した文書・生成AIテンプレートを日次・週次業務のどの工程で使うかの計画にまとめ、講師が個別に添削・フィードバックします
gen,32,B0,1,0.5,介護職(通所・デイサービス)業務の生成AI活用実演・要点解説,講師が本コースで扱う一連の業務を生成AIで通しで実演し、要点を解説します
gen,32,B11,2,0.5,生成AIによる連絡文書作成・基礎,連絡帳記入の下書き
gen,32,B12,3,1.0,生成AIによる連絡文書作成・実践,送迎時の家族への伝達メモ / 通所介護計画の説明文
gen,32,B21,4,0.5,生成AIによる利用データ整理・基礎,利用実績の集計
gen,32,B22,5,0.5,生成AIによる利用データ整理・実践,送迎ルート・時間の整理
gen,32,B3,6,1.0,生成AIによるプログラム応用①,機能訓練・レクの月間プログラム設計
gen,32,B4,7,1.0,生成AIによるプログラム応用②,担当者会議用の利用者状況まとめ
gen,32,B5,8,1.0,生成AIによるプログラム総合演習,ここまでの成果物を統合し、自身の業務を題材としたプログラムの通し演習を行います(マスキング済みデータ又はダミーデータを使用し、講師の添削・指導のもと、生成AIを用いて訓練用の成果物を完成させます)
gen,32,C1,9,1.5,通所業務の生成AIテンプレート作成,連絡帳テンプレ / 月間プログラムテンプレート
gen,32,C2,10,0.5,生成AIテンプレートの業務フロー配置,作成した生成AIテンプレートを、自身の業務のどの工程で使うかにマッピングします
gen,32,D1,11,1.0,生成AIテンプレートの運用・修正演習,研修内で作成した自身の業務用生成AIテンプレートを対象に、出力が期待と異なる場合の修正(条件の追加・例示・出力形式の指定・作業の分割)・再実行・結果検証の手順を演習形式で習得します
gen,32,D2,12,0.5,業務での確認・チェック手順の習得演習,生成AI出力の検算・照合、機密情報の取り扱いなど、自身の業務に即した確認手順を演習で習得し、自業務向けに作成します
gen,32,D3,13,0.5,実務組み込み計画の作成・講師フィードバック,研修で作成した文書・生成AIテンプレートを日次・週次業務のどの工程で使うかの計画にまとめ、講師が個別に添削・フィードバックします
gen,33,B0,1,0.5,訪問介護職業務の生成AI活用実演・要点解説,講師が本コースで扱う一連の業務を生成AIで通しで実演し、要点を解説します
gen,33,B11,2,0.5,生成AIによる訪問記録作成・基礎,サービス提供記録の効率化
gen,33,B12,3,1.0,生成AIによる訪問記録作成・実践,サービス提供責任者への報告文 / 家族への連絡文
gen,33,B21,4,0.5,生成AIによる訪問データ整理・基礎,訪問スケジュールの整理
gen,33,B22,5,0.5,生成AIによる訪問データ整理・実践,サービス内容別の時間集計
gen,33,B3,6,1.0,生成AIによる連携応用①,ケアマネ向け状態変化報告書の作成
gen,33,B4,7,1.0,生成AIによる連携応用②,新規ヘルパー向け手順メモの文書化
gen,33,B5,8,1.0,生成AIによる連携総合演習,ここまでの成果物を統合し、自身の業務を題材とした連携の通し演習を行います(マスキング済みデータ又はダミーデータを使用し、講師の添削・指導のもと、生成AIを用いて訓練用の成果物を完成させます)
gen,33,C1,9,1.5,訪問業務の生成AIテンプレート作成,訪問記録テンプレ / 報告先別文面集
gen,33,C2,10,0.5,生成AIテンプレートの業務フロー配置,作成した生成AIテンプレートを、自身の業務のどの工程で使うかにマッピングします
gen,33,D1,11,1.0,生成AIテンプレートの運用・修正演習,研修内で作成した自身の業務用生成AIテンプレートを対象に、出力が期待と異なる場合の修正(条件の追加・例示・出力形式の指定・作業の分割)・再実行・結果検証の手順を演習形式で習得します
gen,33,D2,12,0.5,業務での確認・チェック手順の習得演習,生成AI出力の検算・照合、機密情報の取り扱いなど、自身の業務に即した確認手順を演習で習得し、自業務向けに作成します
gen,33,D3,13,0.5,実務組み込み計画の作成・講師フィードバック,研修で作成した文書・生成AIテンプレートを日次・週次業務のどの工程で使うかの計画にまとめ、講師が個別に添削・フィードバックします
gen,34,B0,1,0.5,ケアマネジャー職業務の生成AI活用実演・要点解説,講師が本コースで扱う一連の業務を生成AIで通しで実演し、要点を解説します
gen,34,B11,2,0.5,生成AIによる計画文書作成・基礎,ケアプラン(第1〜2表)の文言下書き
gen,34,B12,3,1.0,生成AIによる計画文書作成・実践,サービス担当者会議の照会文 / 給付管理の確認連絡
gen,34,B21,4,0.5,生成AIによる支援データ整理・基礎,モニタリング記録の整理
gen,34,B22,5,0.5,生成AIによる支援データ整理・実践,サービス利用状況の一覧化
gen,34,B3,6,1.0,生成AIによるアセスメント応用①,アセスメント情報→課題整理表の下書き
gen,34,B4,7,1.0,生成AIによるアセスメント応用②,地域資源のリサーチ整理
gen,34,B5,8,1.0,生成AIによるアセスメント総合演習,ここまでの成果物を統合し、自身の業務を題材としたアセスメントの通し演習を行います(マスキング済みデータ又はダミーデータを使用し、講師の添削・指導のもと、生成AIを用いて訓練用の成果物を完成させます)
gen,34,C1,9,1.5,ケアマネ業務の生成AIテンプレート作成,モニタリング訪問後の記録テンプレート / 会議録テンプレ
gen,34,C2,10,0.5,生成AIテンプレートの業務フロー配置,作成した生成AIテンプレートを、自身の業務のどの工程で使うかにマッピングします
gen,34,D1,11,1.0,生成AIテンプレートの運用・修正演習,研修内で作成した自身の業務用生成AIテンプレートを対象に、出力が期待と異なる場合の修正(条件の追加・例示・出力形式の指定・作業の分割)・再実行・結果検証の手順を演習形式で習得します
gen,34,D2,12,0.5,業務での確認・チェック手順の習得演習,生成AI出力の検算・照合、機密情報の取り扱いなど、自身の業務に即した確認手順を演習で習得し、自業務向けに作成します
gen,34,D3,13,0.5,実務組み込み計画の作成・講師フィードバック,研修で作成した文書・生成AIテンプレートを日次・週次業務のどの工程で使うかの計画にまとめ、講師が個別に添削・フィードバックします
gen,35,B0,1,0.5,生活支援員(障害福祉)業務の生成AI活用実演・要点解説,講師が本コースで扱う一連の業務を生成AIで通しで実演し、要点を解説します
gen,35,B11,2,0.5,生成AIによる支援記録作成・基礎,支援記録の文書化
gen,35,B12,3,1.0,生成AIによる支援記録作成・実践,個別支援計画書の下書き(Excelテンプレ活用) / 家族・相談支援事業所への連絡文
gen,35,B21,4,0.5,生成AIによる支援データ整理・基礎,支援記録からの目標達成状況整理
gen,35,B22,5,0.5,生成AIによる支援データ整理・実践,モニタリング表の更新
gen,35,B3,6,1.0,生成AIによる計画・会議応用①,会議文字起こし→議事録と計画反映
gen,35,B4,7,1.0,生成AIによる計画・会議応用②,既存支援手順の文書化・整備
gen,35,B5,8,1.0,生成AIによる計画・会議総合演習,ここまでの成果物を統合し、自身の業務を題材とした計画・会議の通し演習を行います(マスキング済みデータ又はダミーデータを使用し、講師の添削・指導のもと、生成AIを用いて訓練用の成果物を完成させます)
gen,35,C1,9,1.5,支援業務の生成AIテンプレート作成,個別支援計画ワークフロー(文字起こし→下書き→確認) / 記録テンプレ
gen,35,C2,10,0.5,生成AIテンプレートの業務フロー配置,作成した生成AIテンプレートを、自身の業務のどの工程で使うかにマッピングします
gen,35,D1,11,1.0,生成AIテンプレートの運用・修正演習,研修内で作成した自身の業務用生成AIテンプレートを対象に、出力が期待と異なる場合の修正(条件の追加・例示・出力形式の指定・作業の分割)・再実行・結果検証の手順を演習形式で習得します
gen,35,D2,12,0.5,業務での確認・チェック手順の習得演習,生成AI出力の検算・照合、機密情報の取り扱いなど、自身の業務に即した確認手順を演習で習得し、自業務向けに作成します
gen,35,D3,13,0.5,実務組み込み計画の作成・講師フィードバック,研修で作成した文書・生成AIテンプレートを日次・週次業務のどの工程で使うかの計画にまとめ、講師が個別に添削・フィードバックします
gen,36,B0,1,0.5,児童指導員(放課後等デイサービス)業務の生成AI活用実演・要点解説,講師が本コースで扱う一連の業務を生成AIで通しで実演し、要点を解説します
gen,36,B11,2,0.5,生成AIによる報告文書作成・基礎,連絡帳・活動報告の作成
gen,36,B12,3,1.0,生成AIによる報告文書作成・実践,保護者へのお知らせ文 / 個別支援計画の文言下書き
gen,36,B21,4,0.5,生成AIによる活動データ整理・基礎,活動記録の整理
gen,36,B22,5,0.5,生成AIによる活動データ整理・実践,出欠・送迎の管理表
gen,36,B3,6,1.0,生成AIによる療育企画応用①,療育プログラムの月間計画案
gen,36,B4,7,1.0,生成AIによる療育企画応用②,保護者面談の準備メモと記録
gen,36,B5,8,1.0,生成AIによる療育企画総合演習,ここまでの成果物を統合し、自身の業務を題材とした療育企画の通し演習を行います(マスキング済みデータ又はダミーデータを使用し、講師の添削・指導のもと、生成AIを用いて訓練用の成果物を完成させます)
gen,36,C1,9,1.5,療育業務の生成AIテンプレート作成,連絡帳テンプレ / 活動報告テンプレート
gen,36,C2,10,0.5,生成AIテンプレートの業務フロー配置,作成した生成AIテンプレートを、自身の業務のどの工程で使うかにマッピングします
gen,36,D1,11,1.0,生成AIテンプレートの運用・修正演習,研修内で作成した自身の業務用生成AIテンプレートを対象に、出力が期待と異なる場合の修正(条件の追加・例示・出力形式の指定・作業の分割)・再実行・結果検証の手順を演習形式で習得します
gen,36,D2,12,0.5,業務での確認・チェック手順の習得演習,生成AI出力の検算・照合、機密情報の取り扱いなど、自身の業務に即した確認手順を演習で習得し、自業務向けに作成します
gen,36,D3,13,0.5,実務組み込み計画の作成・講師フィードバック,研修で作成した文書・生成AIテンプレートを日次・週次業務のどの工程で使うかの計画にまとめ、講師が個別に添削・フィードバックします
gen,37,B0,1,0.5,保育士職業務の生成AI活用実演・要点解説,講師が本コースで扱う一連の業務を生成AIで通しで実演し、要点を解説します
gen,37,B11,2,0.5,生成AIによる保育文書作成・基礎,連絡帳・おたより・行事案内の作成
gen,37,B12,3,1.0,生成AIによる保育文書作成・実践,活動ドキュメンテーションの文章化
gen,37,B21,4,0.5,生成AIによる計画データ整理・基礎,指導計画(月案・週案)の下書き
gen,37,B22,5,0.5,生成AIによる計画データ整理・実践,行事準備のタスク整理
gen,37,B3,6,1.0,生成AIによる園務応用①,保護者対応の記録整理
gen,37,B4,7,1.0,生成AIによる園務応用②,ヒヤリハットの分類と園内共有資料作成
gen,37,B5,8,1.0,生成AIによる園務総合演習,ここまでの成果物を統合し、自身の業務を題材とした園務の通し演習を行います(マスキング済みデータ又はダミーデータを使用し、講師の添削・指導のもと、生成AIを用いて訓練用の成果物を完成させます)
gen,37,C1,9,1.5,保育業務の生成AIテンプレート作成,おたよりテンプレ集 / 月案テンプレート
gen,37,C2,10,0.5,生成AIテンプレートの業務フロー配置,作成した生成AIテンプレートを、自身の業務のどの工程で使うかにマッピングします
gen,37,D1,11,1.0,生成AIテンプレートの運用・修正演習,研修内で作成した自身の業務用生成AIテンプレートを対象に、出力が期待と異なる場合の修正(条件の追加・例示・出力形式の指定・作業の分割)・再実行・結果検証の手順を演習形式で習得します
gen,37,D2,12,0.5,業務での確認・チェック手順の習得演習,生成AI出力の検算・照合、機密情報の取り扱いなど、自身の業務に即した確認手順を演習で習得し、自業務向けに作成します
gen,37,D3,13,0.5,実務組み込み計画の作成・講師フィードバック,研修で作成した文書・生成AIテンプレートを日次・週次業務のどの工程で使うかの計画にまとめ、講師が個別に添削・フィードバックします
gen,38,B0,1,0.5,医療事務職業務の生成AI活用実演・要点解説,講師が本コースで扱う一連の業務を生成AIで通しで実演し、要点を解説します
gen,38,B11,2,0.5,生成AIによる患者案内文書作成・基礎,検査前説明・持ち物案内文
gen,38,B12,3,1.0,生成AIによる患者案内文書作成・実践,予約変更対応メール / 未収金のご案内文
gen,38,B21,4,0.5,生成AIによる受付データ整理・基礎,予約枠の稼働整理
gen,38,B22,5,0.5,生成AIによる受付データ整理・実践,レセプト返戻理由の分類
gen,38,B3,6,1.0,生成AIによる院内広報応用①,院内掲示物・HPのお知らせ文
gen,38,B4,7,1.0,生成AIによる院内広報応用②,電話対応FAQの整備
gen,38,B5,8,1.0,生成AIによる院内広報総合演習,ここまでの成果物を統合し、自身の業務を題材とした院内広報の通し演習を行います(マスキング済みデータ又はダミーデータを使用し、講師の添削・指導のもと、生成AIを用いて訓練用の成果物を完成させます)
gen,38,C1,9,1.5,受付業務の生成AIテンプレート作成,案内文テンプレ集 / 月初レセプト前チェックリスト
gen,38,C2,10,0.5,生成AIテンプレートの業務フロー配置,作成した生成AIテンプレートを、自身の業務のどの工程で使うかにマッピングします
gen,38,D1,11,1.0,生成AIテンプレートの運用・修正演習,研修内で作成した自身の業務用生成AIテンプレートを対象に、出力が期待と異なる場合の修正(条件の追加・例示・出力形式の指定・作業の分割)・再実行・結果検証の手順を演習形式で習得します
gen,38,D2,12,0.5,業務での確認・チェック手順の習得演習,生成AI出力の検算・照合、機密情報の取り扱いなど、自身の業務に即した確認手順を演習で習得し、自業務向けに作成します
gen,38,D3,13,0.5,実務組み込み計画の作成・講師フィードバック,研修で作成した文書・生成AIテンプレートを日次・週次業務のどの工程で使うかの計画にまとめ、講師が個別に添削・フィードバックします
gen,39,B0,1,0.5,歯科受付・助手職業務の生成AI活用実演・要点解説,講師が本コースで扱う一連の業務を生成AIで通しで実演し、要点を解説します
gen,39,B11,2,0.5,生成AIによる患者連絡文作成・基礎,リコール(定期検診)案内文
gen,39,B12,3,1.0,生成AIによる患者連絡文作成・実践,キャンセル対応と再予約文 / 治療の流れ説明資料の文言
gen,39,B21,4,0.5,生成AIによる予約データ整理・基礎,予約・キャンセル率の集計
gen,39,B22,5,0.5,生成AIによる予約データ整理・実践,リコール対象者リストの整理
gen,39,B3,6,1.0,生成AIによる医院運営応用①,口コミ返信文
gen,39,B4,7,1.0,生成AIによる医院運営応用②,院内新人マニュアルの文書化
gen,39,B5,8,1.0,生成AIによる医院運営総合演習,ここまでの成果物を統合し、自身の業務を題材とした医院運営の通し演習を行います(マスキング済みデータ又はダミーデータを使用し、講師の添削・指導のもと、生成AIを用いて訓練用の成果物を完成させます)
gen,39,C1,9,1.5,受付業務の生成AIテンプレート作成,リコール案内の年間テンプレ / 電話対応スクリプト
gen,39,C2,10,0.5,生成AIテンプレートの業務フロー配置,作成した生成AIテンプレートを、自身の業務のどの工程で使うかにマッピングします
gen,39,D1,11,1.0,生成AIテンプレートの運用・修正演習,研修内で作成した自身の業務用生成AIテンプレートを対象に、出力が期待と異なる場合の修正(条件の追加・例示・出力形式の指定・作業の分割)・再実行・結果検証の手順を演習形式で習得します
gen,39,D2,12,0.5,業務での確認・チェック手順の習得演習,生成AI出力の検算・照合、機密情報の取り扱いなど、自身の業務に即した確認手順を演習で習得し、自業務向けに作成します
gen,39,D3,13,0.5,実務組み込み計画の作成・講師フィードバック,研修で作成した文書・生成AIテンプレートを日次・週次業務のどの工程で使うかの計画にまとめ、講師が個別に添削・フィードバックします
gen,40,B0,1,0.5,看護職(外来・クリニック)業務の生成AI活用実演・要点解説,講師が本コースで扱う一連の業務を生成AIで通しで実演し、要点を解説します
gen,40,B11,2,0.5,生成AIによる看護文書作成・基礎,看護記録の文章整形
gen,40,B12,3,1.0,生成AIによる看護文書作成・実践,医師の指示内容にもとづく生活指導文書の作成 / 情報提供書の下書き
gen,40,B21,4,0.5,生成AIによる外来データ整理・基礎,問診票データの整理
gen,40,B22,5,0.5,生成AIによる外来データ整理・実践,検査予約の管理表
gen,40,B3,6,1.0,生成AIによる院内整備応用①,院内マニュアル(感染対策・器材管理)の文書更新
gen,40,B4,7,1.0,生成AIによる院内整備応用②,勉強会資料の骨子作成
gen,40,B5,8,1.0,生成AIによる院内整備総合演習,ここまでの成果物を統合し、自身の業務を題材とした院内整備の通し演習を行います(マスキング済みデータ又はダミーデータを使用し、講師の添削・指導のもと、生成AIを用いて訓練用の成果物を完成させます)
gen,40,C1,9,1.5,記録業務の生成AIテンプレート作成,記録テンプレ / 指導文書の文例集
gen,40,C2,10,0.5,生成AIテンプレートの業務フロー配置,作成した生成AIテンプレートを、自身の業務のどの工程で使うかにマッピングします
gen,40,D1,11,1.0,生成AIテンプレートの運用・修正演習,研修内で作成した自身の業務用生成AIテンプレートを対象に、出力が期待と異なる場合の修正(条件の追加・例示・出力形式の指定・作業の分割)・再実行・結果検証の手順を演習形式で習得します
gen,40,D2,12,0.5,業務での確認・チェック手順の習得演習,生成AI出力の検算・照合、機密情報の取り扱いなど、自身の業務に即した確認手順を演習で習得し、自業務向けに作成します
gen,40,D3,13,0.5,実務組み込み計画の作成・講師フィードバック,研修で作成した文書・生成AIテンプレートを日次・週次業務のどの工程で使うかの計画にまとめ、講師が個別に添削・フィードバックします
gen,41,B0,1,0.5,生産管理職業務の生成AI活用実演・要点解説,講師が本コースで扱う一連の業務を生成AIで通しで実演し、要点を解説します
gen,41,B11,2,0.5,生成AIによる生産文書作成・基礎,生産計画変更の連絡文
gen,41,B12,3,1.0,生成AIによる生産文書作成・実践,納期回答 / 協力工場への依頼文
gen,41,B21,4,0.5,生成AIによる生産データ整理・基礎,生産実績CSVのライン別・品目別集計
gen,41,B22,5,0.5,生成AIによる生産データ整理・実践,負荷状況の整理
gen,41,B3,6,1.0,生成AIによる計画改善応用①,ボトルネック分析の報告書
gen,41,B4,7,1.0,生成AIによる計画改善応用②,条件変更による生産計画の比較シミュレーション
gen,41,B5,8,1.0,生成AIによる計画改善総合演習,ここまでの成果物を統合し、自身の業務を題材とした計画改善の通し演習を行います(マスキング済みデータ又はダミーデータを使用し、講師の添削・指導のもと、生成AIを用いて訓練用の成果物を完成させます)
gen,41,C1,9,1.5,生産管理の生成AIテンプレート作成,週次生産会議資料テンプレート / 納期回答テンプレ
gen,41,C2,10,0.5,生成AIテンプレートの業務フロー配置,作成した生成AIテンプレートを、自身の業務のどの工程で使うかにマッピングします
gen,41,D1,11,1.0,生成AIテンプレートの運用・修正演習,研修内で作成した自身の業務用生成AIテンプレートを対象に、出力が期待と異なる場合の修正(条件の追加・例示・出力形式の指定・作業の分割)・再実行・結果検証の手順を演習形式で習得します
gen,41,D2,12,0.5,業務での確認・チェック手順の習得演習,生成AI出力の検算・照合、機密情報の取り扱いなど、自身の業務に即した確認手順を演習で習得し、自業務向けに作成します
gen,41,D3,13,0.5,実務組み込み計画の作成・講師フィードバック,研修で作成した文書・生成AIテンプレートを日次・週次業務のどの工程で使うかの計画にまとめ、講師が個別に添削・フィードバックします
gen,42,B0,1,0.5,品質管理職業務の生成AI活用実演・要点解説,講師が本コースで扱う一連の業務を生成AIで通しで実演し、要点を解説します
gen,42,B11,2,0.5,生成AIによる品質文書作成・基礎,不適合報告書・是正処置報告書の作成
gen,42,B12,3,1.0,生成AIによる品質文書作成・実践,顧客への品質回答書
gen,42,B21,4,0.5,生成AIによる検査データ整理・基礎,検査データの集計(不良率推移・パレート分析用整理)
gen,42,B22,5,0.5,生成AIによる検査データ整理・実践,クレームの分類
gen,42,B3,6,1.0,生成AIによる原因分析応用①,なぜなぜ分析の壁打ちと報告書化
gen,42,B4,7,1.0,生成AIによる原因分析応用②,検査基準書の文書整備
gen,42,B5,8,1.0,生成AIによる原因分析総合演習,ここまでの成果物を統合し、自身の業務を題材とした原因分析の通し演習を行います(マスキング済みデータ又はダミーデータを使用し、講師の添削・指導のもと、生成AIを用いて訓練用の成果物を完成させます)
gen,42,C1,9,1.5,品質業務の生成AIテンプレート作成,是正報告書テンプレ / 月次品質レポートテンプレート
gen,42,C2,10,0.5,生成AIテンプレートの業務フロー配置,作成した生成AIテンプレートを、自身の業務のどの工程で使うかにマッピングします
gen,42,D1,11,1.0,生成AIテンプレートの運用・修正演習,研修内で作成した自身の業務用生成AIテンプレートを対象に、出力が期待と異なる場合の修正(条件の追加・例示・出力形式の指定・作業の分割)・再実行・結果検証の手順を演習形式で習得します
gen,42,D2,12,0.5,業務での確認・チェック手順の習得演習,生成AI出力の検算・照合、機密情報の取り扱いなど、自身の業務に即した確認手順を演習で習得し、自業務向けに作成します
gen,42,D3,13,0.5,実務組み込み計画の作成・講師フィードバック,研修で作成した文書・生成AIテンプレートを日次・週次業務のどの工程で使うかの計画にまとめ、講師が個別に添削・フィードバックします
gen,43,B0,1,0.5,製造リーダー・班長職業務の生成AI活用実演・要点解説,講師が本コースで扱う一連の業務を生成AIで通しで実演し、要点を解説します
gen,43,B11,2,0.5,生成AIによる現場文書作成・基礎,作業日報の整形
gen,43,B12,3,1.0,生成AIによる現場文書作成・実践,朝礼連絡事項の整理 / 安全注意喚起文
gen,43,B21,4,0.5,生成AIによる現場データ整理・基礎,生産日報データの集計
gen,43,B22,5,0.5,生成AIによる現場データ整理・実践,段取り時間の記録整理
gen,43,B3,6,1.0,生成AIによる技能伝承応用①,作業説明の文字起こし→作業手順書化
gen,43,B4,7,1.0,生成AIによる技能伝承応用②,新人OJT計画の作成
gen,43,B5,8,1.0,生成AIによる技能伝承総合演習,ここまでの成果物を統合し、自身の業務を題材とした技能伝承の通し演習を行います(マスキング済みデータ又はダミーデータを使用し、講師の添削・指導のもと、生成AIを用いて訓練用の成果物を完成させます)
gen,43,C1,9,1.5,現場管理の生成AIテンプレート作成,日報テンプレ / 手順書化テンプレート
gen,43,C2,10,0.5,生成AIテンプレートの業務フロー配置,作成した生成AIテンプレートを、自身の業務のどの工程で使うかにマッピングします
gen,43,D1,11,1.0,生成AIテンプレートの運用・修正演習,研修内で作成した自身の業務用生成AIテンプレートを対象に、出力が期待と異なる場合の修正(条件の追加・例示・出力形式の指定・作業の分割)・再実行・結果検証の手順を演習形式で習得します
gen,43,D2,12,0.5,業務での確認・チェック手順の習得演習,生成AI出力の検算・照合、機密情報の取り扱いなど、自身の業務に即した確認手順を演習で習得し、自業務向けに作成します
gen,43,D3,13,0.5,実務組み込み計画の作成・講師フィードバック,研修で作成した文書・生成AIテンプレートを日次・週次業務のどの工程で使うかの計画にまとめ、講師が個別に添削・フィードバックします
gen,44,B0,1,0.5,物流・倉庫管理職業務の生成AI活用実演・要点解説,講師が本コースで扱う一連の業務を生成AIで通しで実演し、要点を解説します
gen,44,B11,2,0.5,生成AIによる物流文書作成・基礎,入出荷案内・遅延連絡文
gen,44,B12,3,1.0,生成AIによる物流文書作成・実践,誤出荷報告書 / 庫内掲示物
gen,44,B21,4,0.5,生成AIによる物流データ整理・基礎,入出荷実績の集計
gen,44,B22,5,0.5,生成AIによる物流データ整理・実践,在庫差異リストの整理 / ロケーション一覧の整備
gen,44,B3,6,1.0,生成AIによる庫内改善応用①,繁閑波動に対応したシフト計画案
gen,44,B4,7,1.0,生成AIによる庫内改善応用②,庫内作業マニュアルの文書化
gen,44,B5,8,1.0,生成AIによる庫内改善総合演習,ここまでの成果物を統合し、自身の業務を題材とした庫内改善の通し演習を行います(マスキング済みデータ又はダミーデータを使用し、講師の添削・指導のもと、生成AIを用いて訓練用の成果物を完成させます)
gen,44,C1,9,1.5,物流業務の生成AIテンプレート作成,誤出荷報告テンプレ / 月次庫内KPIレポート
gen,44,C2,10,0.5,生成AIテンプレートの業務フロー配置,作成した生成AIテンプレートを、自身の業務のどの工程で使うかにマッピングします
gen,44,D1,11,1.0,生成AIテンプレートの運用・修正演習,研修内で作成した自身の業務用生成AIテンプレートを対象に、出力が期待と異なる場合の修正(条件の追加・例示・出力形式の指定・作業の分割)・再実行・結果検証の手順を演習形式で習得します
gen,44,D2,12,0.5,業務での確認・チェック手順の習得演習,生成AI出力の検算・照合、機密情報の取り扱いなど、自身の業務に即した確認手順を演習で習得し、自業務向けに作成します
gen,44,D3,13,0.5,実務組み込み計画の作成・講師フィードバック,研修で作成した文書・生成AIテンプレートを日次・週次業務のどの工程で使うかの計画にまとめ、講師が個別に添削・フィードバックします
gen,45,B0,1,0.5,ドライバー・配車管理職業務の生成AI活用実演・要点解説,講師が本コースで扱う一連の業務を生成AIで通しで実演し、要点を解説します
gen,45,B11,2,0.5,生成AIによる運行文書作成・基礎,配送日報
gen,45,B12,3,1.0,生成AIによる運行文書作成・実践,顧客への到着時間連絡文 / 事故・ヒヤリハット報告書
gen,45,B21,4,0.5,生成AIによる運行データ整理・基礎,配送実績の集計(件数・距離・時間)
gen,45,B22,5,0.5,生成AIによる運行データ整理・実践,再配達理由の分類
gen,45,B3,6,1.0,生成AIによる運行改善応用①,配送ルートの検討補助
gen,45,B4,7,1.0,生成AIによる運行改善応用②,安全会議資料の作成
gen,45,B5,8,1.0,生成AIによる運行改善総合演習,ここまでの成果物を統合し、自身の業務を題材とした運行改善の通し演習を行います(マスキング済みデータ又はダミーデータを使用し、講師の添削・指導のもと、生成AIを用いて訓練用の成果物を完成させます)
gen,45,C1,9,1.5,運行管理の生成AIテンプレート作成,日報テンプレ / 遅延連絡文集
gen,45,C2,10,0.5,生成AIテンプレートの業務フロー配置,作成した生成AIテンプレートを、自身の業務のどの工程で使うかにマッピングします
gen,45,D1,11,1.0,生成AIテンプレートの運用・修正演習,研修内で作成した自身の業務用生成AIテンプレートを対象に、出力が期待と異なる場合の修正(条件の追加・例示・出力形式の指定・作業の分割)・再実行・結果検証の手順を演習形式で習得します
gen,45,D2,12,0.5,業務での確認・チェック手順の習得演習,生成AI出力の検算・照合、機密情報の取り扱いなど、自身の業務に即した確認手順を演習で習得し、自業務向けに作成します
gen,45,D3,13,0.5,実務組み込み計画の作成・講師フィードバック,研修で作成した文書・生成AIテンプレートを日次・週次業務のどの工程で使うかの計画にまとめ、講師が個別に添削・フィードバックします
gen,46,B0,1,0.5,施工管理職業務の生成AI活用実演・要点解説,講師が本コースで扱う一連の業務を生成AIで通しで実演し、要点を解説します
gen,46,B11,2,0.5,生成AIによる工事文書作成・基礎,工事打合せ議事録
gen,46,B12,3,1.0,生成AIによる工事文書作成・実践,近隣挨拶文 / 協力会社への指示書
gen,46,B21,4,0.5,生成AIによる工程データ整理・基礎,工程表の作成補助・進捗更新
gen,46,B22,5,0.5,生成AIによる工程データ整理・実践,写真台帳の整理計画
gen,46,B3,6,1.0,生成AIによる現場運営応用①,安全書類(KY活動記録等)の作成効率化
gen,46,B4,7,1.0,生成AIによる現場運営応用②,施主への進捗報告書
gen,46,B5,8,1.0,生成AIによる現場運営総合演習,ここまでの成果物を統合し、自身の業務を題材とした現場運営の通し演習を行います(マスキング済みデータ又はダミーデータを使用し、講師の添削・指導のもと、生成AIを用いて訓練用の成果物を完成させます)
gen,46,C1,9,1.5,施工管理の生成AIテンプレート作成,議事録テンプレート / 週間工程会議テンプレ
gen,46,C2,10,0.5,生成AIテンプレートの業務フロー配置,作成した生成AIテンプレートを、自身の業務のどの工程で使うかにマッピングします
gen,46,D1,11,1.0,生成AIテンプレートの運用・修正演習,研修内で作成した自身の業務用生成AIテンプレートを対象に、出力が期待と異なる場合の修正(条件の追加・例示・出力形式の指定・作業の分割)・再実行・結果検証の手順を演習形式で習得します
gen,46,D2,12,0.5,業務での確認・チェック手順の習得演習,生成AI出力の検算・照合、機密情報の取り扱いなど、自身の業務に即した確認手順を演習で習得し、自業務向けに作成します
gen,46,D3,13,0.5,実務組み込み計画の作成・講師フィードバック,研修で作成した文書・生成AIテンプレートを日次・週次業務のどの工程で使うかの計画にまとめ、講師が個別に添削・フィードバックします
gen,47,B0,1,0.5,設備保守職業務の生成AI活用実演・要点解説,講師が本コースで扱う一連の業務を生成AIで通しで実演し、要点を解説します
gen,47,B11,2,0.5,生成AIによる保守文書作成・基礎,点検報告書の作成
gen,47,B12,3,1.0,生成AIによる保守文書作成・実践,故障対応の顧客説明文 / 部品手配依頼
gen,47,B21,4,0.5,生成AIによる保守データ整理・基礎,点検記録のデータ化と履歴検索
gen,47,B22,5,0.5,生成AIによる保守データ整理・実践,故障傾向の集計
gen,47,B3,6,1.0,生成AIによる保全計画応用①,予防保全計画の整理
gen,47,B4,7,1.0,生成AIによる保全計画応用②,過去対応履歴→事例集としてのナレッジ化
gen,47,B5,8,1.0,生成AIによる保全計画総合演習,ここまでの成果物を統合し、自身の業務を題材とした保全計画の通し演習を行います(マスキング済みデータ又はダミーデータを使用し、講師の添削・指導のもと、生成AIを用いて訓練用の成果物を完成させます)
gen,47,C1,9,1.5,保守業務の生成AIテンプレート作成,点検報告テンプレ / 故障対応記録テンプレート
gen,47,C2,10,0.5,生成AIテンプレートの業務フロー配置,作成した生成AIテンプレートを、自身の業務のどの工程で使うかにマッピングします
gen,47,D1,11,1.0,生成AIテンプレートの運用・修正演習,研修内で作成した自身の業務用生成AIテンプレートを対象に、出力が期待と異なる場合の修正(条件の追加・例示・出力形式の指定・作業の分割)・再実行・結果検証の手順を演習形式で習得します
gen,47,D2,12,0.5,業務での確認・チェック手順の習得演習,生成AI出力の検算・照合、機密情報の取り扱いなど、自身の業務に即した確認手順を演習で習得し、自業務向けに作成します
gen,47,D3,13,0.5,実務組み込み計画の作成・講師フィードバック,研修で作成した文書・生成AIテンプレートを日次・週次業務のどの工程で使うかの計画にまとめ、講師が個別に添削・フィードバックします
gen,48,B0,1,0.5,電気・空調工事職業務の生成AI活用実演・要点解説,講師が本コースで扱う一連の業務を生成AIで通しで実演し、要点を解説します
gen,48,B11,2,0.5,生成AIによる工事文書作成・基礎,見積書の内訳説明文
gen,48,B12,3,1.0,生成AIによる工事文書作成・実践,工事案内(停電・騒音のお知らせ) / 完了報告書
gen,48,B21,4,0.5,生成AIによる工事データ整理・基礎,材料拾い出しリストの整理
gen,48,B22,5,0.5,生成AIによる工事データ整理・実践,工事写真の整理計画
gen,48,B3,6,1.0,生成AIによる施工品質応用①,施工手順の文書化
gen,48,B4,7,1.0,生成AIによる施工品質応用②,安全教育資料の作成
gen,48,B5,8,1.0,生成AIによる施工品質総合演習,ここまでの成果物を統合し、自身の業務を題材とした施工品質の通し演習を行います(マスキング済みデータ又はダミーデータを使用し、講師の添削・指導のもと、生成AIを用いて訓練用の成果物を完成させます)
gen,48,C1,9,1.5,工事業務の生成AIテンプレート作成,見積内訳テンプレ / 完了報告テンプレート
gen,48,C2,10,0.5,生成AIテンプレートの業務フロー配置,作成した生成AIテンプレートを、自身の業務のどの工程で使うかにマッピングします
gen,48,D1,11,1.0,生成AIテンプレートの運用・修正演習,研修内で作成した自身の業務用生成AIテンプレートを対象に、出力が期待と異なる場合の修正(条件の追加・例示・出力形式の指定・作業の分割)・再実行・結果検証の手順を演習形式で習得します
gen,48,D2,12,0.5,業務での確認・チェック手順の習得演習,生成AI出力の検算・照合、機密情報の取り扱いなど、自身の業務に即した確認手順を演習で習得し、自業務向けに作成します
gen,48,D3,13,0.5,実務組み込み計画の作成・講師フィードバック,研修で作成した文書・生成AIテンプレートを日次・週次業務のどの工程で使うかの計画にまとめ、講師が個別に添削・フィードバックします
gen,49,B0,1,0.5,農業生産管理職業務の生成AI活用実演・要点解説,講師が本コースで扱う一連の業務を生成AIで通しで実演し、要点を解説します
gen,49,B11,2,0.5,生成AIによる農場文書作成・基礎,作業日誌のデータ化
gen,49,B12,3,1.0,生成AIによる農場文書作成・実践,出荷先への案内文 / 直売所POP・EC商品説明文
gen,49,B21,4,0.5,生成AIによる栽培データ整理・基礎,栽培記録(播種・防除・収穫)の集計
gen,49,B22,5,0.5,生成AIによる栽培データ整理・実践,気象と収量の整理
gen,49,B3,6,1.0,生成AIによる営農計画応用①,出荷計画の作成
gen,49,B4,7,1.0,生成AIによる営農計画応用②,栽培暦の文書化と改善メモ
gen,49,B5,8,1.0,生成AIによる営農計画総合演習,ここまでの成果物を統合し、自身の業務を題材とした営農計画の通し演習を行います(マスキング済みデータ又はダミーデータを使用し、講師の添削・指導のもと、生成AIを用いて訓練用の成果物を完成させます)
gen,49,C1,9,1.5,営農業務の生成AIテンプレート作成,作業日誌テンプレ / 出荷案内文集
gen,49,C2,10,0.5,生成AIテンプレートの業務フロー配置,作成した生成AIテンプレートを、自身の業務のどの工程で使うかにマッピングします
gen,49,D1,11,1.0,生成AIテンプレートの運用・修正演習,研修内で作成した自身の業務用生成AIテンプレートを対象に、出力が期待と異なる場合の修正(条件の追加・例示・出力形式の指定・作業の分割)・再実行・結果検証の手順を演習形式で習得します
gen,49,D2,12,0.5,業務での確認・チェック手順の習得演習,生成AI出力の検算・照合、機密情報の取り扱いなど、自身の業務に即した確認手順を演習で習得し、自業務向けに作成します
gen,49,D3,13,0.5,実務組み込み計画の作成・講師フィードバック,研修で作成した文書・生成AIテンプレートを日次・週次業務のどの工程で使うかの計画にまとめ、講師が個別に添削・フィードバックします
gen,50,B0,1,0.5,造園・外構職業務の生成AI活用実演・要点解説,講師が本コースで扱う一連の業務を生成AIで通しで実演し、要点を解説します
gen,50,B11,2,0.5,生成AIによる提案文書作成・基礎,見積提案書の説明文
gen,50,B12,3,1.0,生成AIによる提案文書作成・実践,施工事例紹介文 / 剪定時期の案内DM
gen,50,B21,4,0.5,生成AIによる顧客データ整理・基礎,顧客台帳の整理(施工履歴・メンテ時期)
gen,50,B22,5,0.5,生成AIによる顧客データ整理・実践,見積項目の整理
gen,50,B3,6,1.0,生成AIによる提案応用①,定期メンテナンス提案書の作成
gen,50,B4,7,1.0,生成AIによる提案応用②,施工前後写真の紹介記事化
gen,50,B5,8,1.0,生成AIによる提案総合演習,ここまでの成果物を統合し、自身の業務を題材とした提案の通し演習を行います(マスキング済みデータ又はダミーデータを使用し、講師の添削・指導のもと、生成AIを用いて訓練用の成果物を完成させます)
gen,50,C1,9,1.5,受注業務の生成AIテンプレート作成,季節DMテンプレ / 見積説明の型
gen,50,C2,10,0.5,生成AIテンプレートの業務フロー配置,作成した生成AIテンプレートを、自身の業務のどの工程で使うかにマッピングします
gen,50,D1,11,1.0,生成AIテンプレートの運用・修正演習,研修内で作成した自身の業務用生成AIテンプレートを対象に、出力が期待と異なる場合の修正(条件の追加・例示・出力形式の指定・作業の分割)・再実行・結果検証の手順を演習形式で習得します
gen,50,D2,12,0.5,業務での確認・チェック手順の習得演習,生成AI出力の検算・照合、機密情報の取り扱いなど、自身の業務に即した確認手順を演習で習得し、自業務向けに作成します
gen,50,D3,13,0.5,実務組み込み計画の作成・講師フィードバック,研修で作成した文書・生成AIテンプレートを日次・週次業務のどの工程で使うかの計画にまとめ、講師が個別に添削・フィードバックします
gen,51,B0,1,0.5,飲食店舗運営職(店長)業務の生成AI活用実演・要点解説,講師が本コースで扱う一連の業務を生成AIで通しで実演し、要点を解説します
gen,51,B11,2,0.5,生成AIによる店舗文書作成・基礎,シフト募集・変更連絡文
gen,51,B12,3,1.0,生成AIによる店舗文書作成・実践,クレーム対応文書 / 新メニュー告知文
gen,51,B21,4,0.5,生成AIによる店舗データ整理・基礎,売上・客数の曜日・時間帯別集計
gen,51,B22,5,0.5,生成AIによる店舗データ整理・実践,食材発注量の整理
gen,51,B3,6,1.0,生成AIによる店舗運営応用①,新人教育マニュアルの文書化
gen,51,B4,7,1.0,生成AIによる店舗運営応用②,販促企画(グルメサイト・SNS)案
gen,51,B5,8,1.0,生成AIによる店舗運営総合演習,ここまでの成果物を統合し、自身の業務を題材とした店舗運営の通し演習を行います(マスキング済みデータ又はダミーデータを使用し、講師の添削・指導のもと、生成AIを用いて訓練用の成果物を完成させます)
gen,51,C1,9,1.5,店長業務の生成AIテンプレート作成,発注量計算の型 / クレーム対応テンプレ
gen,51,C2,10,0.5,生成AIテンプレートの業務フロー配置,作成した生成AIテンプレートを、自身の業務のどの工程で使うかにマッピングします
gen,51,D1,11,1.0,生成AIテンプレートの運用・修正演習,研修内で作成した自身の業務用生成AIテンプレートを対象に、出力が期待と異なる場合の修正(条件の追加・例示・出力形式の指定・作業の分割)・再実行・結果検証の手順を演習形式で習得します
gen,51,D2,12,0.5,業務での確認・チェック手順の習得演習,生成AI出力の検算・照合、機密情報の取り扱いなど、自身の業務に即した確認手順を演習で習得し、自業務向けに作成します
gen,51,D3,13,0.5,実務組み込み計画の作成・講師フィードバック,研修で作成した文書・生成AIテンプレートを日次・週次業務のどの工程で使うかの計画にまとめ、講師が個別に添削・フィードバックします
gen,52,B0,1,0.5,調理・キッチン管理職業務の生成AI活用実演・要点解説,講師が本コースで扱う一連の業務を生成AIで通しで実演し、要点を解説します
gen,52,B11,2,0.5,生成AIによる厨房文書作成・基礎,レシピの標準化文書(分量・手順)
gen,52,B12,3,1.0,生成AIによる厨房文書作成・実践,仕込み指示書 / 衛生記録の整形
gen,52,B21,4,0.5,生成AIによる原価データ整理・基礎,原価計算表の作成・更新
gen,52,B22,5,0.5,生成AIによる原価データ整理・実践,食材ロス記録の集計
gen,52,B3,6,1.0,生成AIによるメニュー開発応用①,新メニューの原価シミュレーション
gen,52,B4,7,1.0,生成AIによるメニュー開発応用②,アレルギー対応一覧の整備
gen,52,B5,8,1.0,生成AIによるメニュー開発総合演習,ここまでの成果物を統合し、自身の業務を題材としたメニュー開発の通し演習を行います(マスキング済みデータ又はダミーデータを使用し、講師の添削・指導のもと、生成AIを用いて訓練用の成果物を完成させます)
gen,52,C1,9,1.5,厨房業務の生成AIテンプレート作成,レシピ標準フォーマット / 原価更新テンプレート
gen,52,C2,10,0.5,生成AIテンプレートの業務フロー配置,作成した生成AIテンプレートを、自身の業務のどの工程で使うかにマッピングします
gen,52,D1,11,1.0,生成AIテンプレートの運用・修正演習,研修内で作成した自身の業務用生成AIテンプレートを対象に、出力が期待と異なる場合の修正(条件の追加・例示・出力形式の指定・作業の分割)・再実行・結果検証の手順を演習形式で習得します
gen,52,D2,12,0.5,業務での確認・チェック手順の習得演習,生成AI出力の検算・照合、機密情報の取り扱いなど、自身の業務に即した確認手順を演習で習得し、自業務向けに作成します
gen,52,D3,13,0.5,実務組み込み計画の作成・講師フィードバック,研修で作成した文書・生成AIテンプレートを日次・週次業務のどの工程で使うかの計画にまとめ、講師が個別に添削・フィードバックします
gen,53,B0,1,0.5,宿泊フロント職業務の生成AI活用実演・要点解説,講師が本コースで扱う一連の業務を生成AIで通しで実演し、要点を解説します
gen,53,B11,2,0.5,生成AIによる宿泊文書作成・基礎,予約確認・アップセル案内メール(多言語対応)
gen,53,B12,3,1.0,生成AIによる宿泊文書作成・実践,口コミ返信 / 館内案内文
gen,53,B21,4,0.5,生成AIによる予約データ整理・基礎,予約データの稼働集計
gen,53,B22,5,0.5,生成AIによる予約データ整理・実践,問い合わせの分類
gen,53,B3,6,1.0,生成AIによるおもてなし応用①,周辺観光案内の作成(多言語)
gen,53,B4,7,1.0,生成AIによるおもてなし応用②,繁忙期オペレーションの文書化
gen,53,B5,8,1.0,生成AIによるおもてなし総合演習,ここまでの成果物を統合し、自身の業務を題材としたおもてなしの通し演習を行います(マスキング済みデータ又はダミーデータを使用し、講師の添削・指導のもと、生成AIを用いて訓練用の成果物を完成させます)
gen,53,C1,9,1.5,フロント業務の生成AIテンプレート作成,多言語テンプレ集 / 口コミ返信の型
gen,53,C2,10,0.5,生成AIテンプレートの業務フロー配置,作成した生成AIテンプレートを、自身の業務のどの工程で使うかにマッピングします
gen,53,D1,11,1.0,生成AIテンプレートの運用・修正演習,研修内で作成した自身の業務用生成AIテンプレートを対象に、出力が期待と異なる場合の修正(条件の追加・例示・出力形式の指定・作業の分割)・再実行・結果検証の手順を演習形式で習得します
gen,53,D2,12,0.5,業務での確認・チェック手順の習得演習,生成AI出力の検算・照合、機密情報の取り扱いなど、自身の業務に即した確認手順を演習で習得し、自業務向けに作成します
gen,53,D3,13,0.5,実務組み込み計画の作成・講師フィードバック,研修で作成した文書・生成AIテンプレートを日次・週次業務のどの工程で使うかの計画にまとめ、講師が個別に添削・フィードバックします
gen,54,B0,1,0.5,美容師・サロン運営職業務の生成AI活用実演・要点解説,講師が本コースで扱う一連の業務を生成AIで通しで実演し、要点を解説します
gen,54,B11,2,0.5,生成AIによる顧客文書作成・基礎,カウンセリング記録の整形
gen,54,B12,3,1.0,生成AIによる顧客文書作成・実践,指名客へのフォローLINE / キャンペーン告知
gen,54,B21,4,0.5,生成AIによるカルテデータ整理・基礎,顧客カルテの整理(来店周期・施術履歴)
gen,54,B22,5,0.5,生成AIによるカルテデータ整理・実践,リピート率集計
gen,54,B3,6,1.0,生成AIによる集客応用①,スタイル紹介文(SNS投稿)
gen,54,B4,7,1.0,生成AIによる集客応用②,失客リストへの再来店アプローチ文
gen,54,B5,8,1.0,生成AIによる集客総合演習,ここまでの成果物を統合し、自身の業務を題材とした集客の通し演習を行います(マスキング済みデータ又はダミーデータを使用し、講師の添削・指導のもと、生成AIを用いて訓練用の成果物を完成させます)
gen,54,C1,9,1.5,サロン業務の生成AIテンプレート作成,カルテ記録テンプレ / 来店周期別フォロー文集
gen,54,C2,10,0.5,生成AIテンプレートの業務フロー配置,作成した生成AIテンプレートを、自身の業務のどの工程で使うかにマッピングします
gen,54,D1,11,1.0,生成AIテンプレートの運用・修正演習,研修内で作成した自身の業務用生成AIテンプレートを対象に、出力が期待と異なる場合の修正(条件の追加・例示・出力形式の指定・作業の分割)・再実行・結果検証の手順を演習形式で習得します
gen,54,D2,12,0.5,業務での確認・チェック手順の習得演習,生成AI出力の検算・照合、機密情報の取り扱いなど、自身の業務に即した確認手順を演習で習得し、自業務向けに作成します
gen,54,D3,13,0.5,実務組み込み計画の作成・講師フィードバック,研修で作成した文書・生成AIテンプレートを日次・週次業務のどの工程で使うかの計画にまとめ、講師が個別に添削・フィードバックします
gen,55,B0,1,0.5,エステ・リラクゼーション職業務の生成AI活用実演・要点解説,講師が本コースで扱う一連の業務を生成AIで通しで実演し、要点を解説します
gen,55,B11,2,0.5,生成AIによる接客文書作成・基礎,カウンセリングシートの記録整形
gen,55,B12,3,1.0,生成AIによる接客文書作成・実践,施術後のホームケア案内 / コース説明文
gen,55,B21,4,0.5,生成AIによる顧客データ整理・基礎,予約・リピートデータの集計
gen,55,B22,5,0.5,生成AIによる顧客データ整理・実践,物販購入履歴の整理
gen,55,B3,6,1.0,生成AIによる提案応用①,回数券・コース提案のトーク整理
gen,55,B4,7,1.0,生成AIによる提案応用②,季節キャンペーン企画案
gen,55,B5,8,1.0,生成AIによる提案総合演習,ここまでの成果物を統合し、自身の業務を題材とした提案の通し演習を行います(マスキング済みデータ又はダミーデータを使用し、講師の添削・指導のもと、生成AIを用いて訓練用の成果物を完成させます)
gen,55,C1,9,1.5,接客業務の生成AIテンプレート作成,カウンセリング記録テンプレ / フォローメッセージ集
gen,55,C2,10,0.5,生成AIテンプレートの業務フロー配置,作成した生成AIテンプレートを、自身の業務のどの工程で使うかにマッピングします
gen,55,D1,11,1.0,生成AIテンプレートの運用・修正演習,研修内で作成した自身の業務用生成AIテンプレートを対象に、出力が期待と異なる場合の修正(条件の追加・例示・出力形式の指定・作業の分割)・再実行・結果検証の手順を演習形式で習得します
gen,55,D2,12,0.5,業務での確認・チェック手順の習得演習,生成AI出力の検算・照合、機密情報の取り扱いなど、自身の業務に即した確認手順を演習で習得し、自業務向けに作成します
gen,55,D3,13,0.5,実務組み込み計画の作成・講師フィードバック,研修で作成した文書・生成AIテンプレートを日次・週次業務のどの工程で使うかの計画にまとめ、講師が個別に添削・フィードバックします
gen,56,B0,1,0.5,コールセンター・CS職業務の生成AI活用実演・要点解説,講師が本コースで扱う一連の業務を生成AIで通しで実演し、要点を解説します
gen,56,B11,2,0.5,生成AIによる応対文書作成・基礎,応対履歴の要約入力
gen,56,B12,3,1.0,生成AIによる応対文書作成・実践,折り返し・エスカレーション報告 / 謝罪メール
gen,56,B21,4,0.5,生成AIによる応対データ整理・基礎,問い合わせ分類と件数集計
gen,56,B22,5,0.5,生成AIによる応対データ整理・実践,応対時間の整理
gen,56,B3,6,1.0,生成AIによる品質改善応用①,FAQ・トークスクリプトの整備
gen,56,B4,7,1.0,生成AIによる品質改善応用②,VOC(顧客の声)レポート作成
gen,56,B5,8,1.0,生成AIによる品質改善総合演習,ここまでの成果物を統合し、自身の業務を題材とした品質改善の通し演習を行います(マスキング済みデータ又はダミーデータを使用し、講師の添削・指導のもと、生成AIを用いて訓練用の成果物を完成させます)
gen,56,C1,9,1.5,応対業務の生成AIテンプレート作成,後処理(ACW)短縮テンプレート / エスカレーション報告テンプレ
gen,56,C2,10,0.5,生成AIテンプレートの業務フロー配置,作成した生成AIテンプレートを、自身の業務のどの工程で使うかにマッピングします
gen,56,D1,11,1.0,生成AIテンプレートの運用・修正演習,研修内で作成した自身の業務用生成AIテンプレートを対象に、出力が期待と異なる場合の修正(条件の追加・例示・出力形式の指定・作業の分割)・再実行・結果検証の手順を演習形式で習得します
gen,56,D2,12,0.5,業務での確認・チェック手順の習得演習,生成AI出力の検算・照合、機密情報の取り扱いなど、自身の業務に即した確認手順を演習で習得し、自業務向けに作成します
gen,56,D3,13,0.5,実務組み込み計画の作成・講師フィードバック,研修で作成した文書・生成AIテンプレートを日次・週次業務のどの工程で使うかの計画にまとめ、講師が個別に添削・フィードバックします
gen,57,B0,1,0.5,フィットネストレーナー職業務の生成AI活用実演・要点解説,講師が本コースで扱う一連の業務を生成AIで通しで実演し、要点を解説します
gen,57,B11,2,0.5,生成AIによる会員文書作成・基礎,体験者へのフォロー連絡
gen,57,B12,3,1.0,生成AIによる会員文書作成・実践,セッション記録の整形 / 継続面談の準備メモ
gen,57,B21,4,0.5,生成AIによる会員データ整理・基礎,利用頻度データの整理
gen,57,B22,5,0.5,生成AIによる会員データ整理・実践,体組成記録の推移整理
gen,57,B3,6,1.0,生成AIによる指導準備応用①,一般的なトレーニングメニュー例の文書化(個別の医学的判断は対象外)
gen,57,B4,7,1.0,生成AIによる指導準備応用②,SNS発信文
gen,57,B5,8,1.0,生成AIによる指導準備総合演習,ここまでの成果物を統合し、自身の業務を題材とした指導準備の通し演習を行います(マスキング済みデータ又はダミーデータを使用し、講師の添削・指導のもと、生成AIを用いて訓練用の成果物を完成させます)
gen,57,C1,9,1.5,会員対応の生成AIテンプレート作成,セッション記録テンプレ / 休眠会員への連絡文集
gen,57,C2,10,0.5,生成AIテンプレートの業務フロー配置,作成した生成AIテンプレートを、自身の業務のどの工程で使うかにマッピングします
gen,57,D1,11,1.0,生成AIテンプレートの運用・修正演習,研修内で作成した自身の業務用生成AIテンプレートを対象に、出力が期待と異なる場合の修正(条件の追加・例示・出力形式の指定・作業の分割)・再実行・結果検証の手順を演習形式で習得します
gen,57,D2,12,0.5,業務での確認・チェック手順の習得演習,生成AI出力の検算・照合、機密情報の取り扱いなど、自身の業務に即した確認手順を演習で習得し、自業務向けに作成します
gen,57,D3,13,0.5,実務組み込み計画の作成・講師フィードバック,研修で作成した文書・生成AIテンプレートを日次・週次業務のどの工程で使うかの計画にまとめ、講師が個別に添削・フィードバックします
gen,58,B0,1,0.5,葬祭ディレクター職業務の生成AI活用実演・要点解説,講師が本コースで扱う一連の業務を生成AIで通しで実演し、要点を解説します
gen,58,B11,2,0.5,生成AIによる施行文書作成・基礎,打合せ確認書の作成
gen,58,B12,3,1.0,生成AIによる施行文書作成・実践,供花・返礼品の案内文 / 寺院・式場への連絡文
gen,58,B21,4,0.5,生成AIによる施行データ整理・基礎,施行スケジュール表の作成
gen,58,B22,5,0.5,生成AIによる施行データ整理・実践,見積項目の整理
gen,58,B3,6,1.0,生成AIによる相談・フォロー応用①,事前相談会の案内資料
gen,58,B4,7,1.0,生成AIによる相談・フォロー応用②,施行後のアフターフォロー文(法要案内)
gen,58,B5,8,1.0,生成AIによる相談・フォロー総合演習,ここまでの成果物を統合し、自身の業務を題材とした相談・フォローの通し演習を行います(マスキング済みデータ又はダミーデータを使用し、講師の添削・指導のもと、生成AIを用いて訓練用の成果物を完成させます)
gen,58,C1,9,1.5,施行業務の生成AIテンプレート作成,打合せ確認テンプレ / 法要案内の年間文例集
gen,58,C2,10,0.5,生成AIテンプレートの業務フロー配置,作成した生成AIテンプレートを、自身の業務のどの工程で使うかにマッピングします
gen,58,D1,11,1.0,生成AIテンプレートの運用・修正演習,研修内で作成した自身の業務用生成AIテンプレートを対象に、出力が期待と異なる場合の修正(条件の追加・例示・出力形式の指定・作業の分割)・再実行・結果検証の手順を演習形式で習得します
gen,58,D2,12,0.5,業務での確認・チェック手順の習得演習,生成AI出力の検算・照合、機密情報の取り扱いなど、自身の業務に即した確認手順を演習で習得し、自業務向けに作成します
gen,58,D3,13,0.5,実務組み込み計画の作成・講師フィードバック,研修で作成した文書・生成AIテンプレートを日次・週次業務のどの工程で使うかの計画にまとめ、講師が個別に添削・フィードバックします
gen,59,B0,1,0.5,税理士補助職業務の生成AI活用実演・要点解説,講師が本コースで扱う一連の業務を生成AIで通しで実演し、要点を解説します
gen,59,B11,2,0.5,生成AIによる顧問先文書作成・基礎,資料依頼文
gen,59,B12,3,1.0,生成AIによる顧問先文書作成・実践,月次報告の所見文下書き / 年末調整の案内文
gen,59,B21,4,0.5,生成AIによる会計データ整理・基礎,入力前の資料仕分け(通帳・領収書)
gen,59,B22,5,0.5,生成AIによる会計データ整理・実践,試算表チェックの観点整理
gen,59,B3,6,1.0,生成AIによる顧問業務応用①,税制改正情報の要約と顧問先向け案内(最終確認は有資格者)
gen,59,B4,7,1.0,生成AIによる顧問業務応用②,決算スケジュール管理表
gen,59,B5,8,1.0,生成AIによる顧問業務総合演習,ここまでの成果物を統合し、自身の業務を題材とした顧問業務の通し演習を行います(マスキング済みデータ又はダミーデータを使用し、講師の添削・指導のもと、生成AIを用いて訓練用の成果物を完成させます)
gen,59,C1,9,1.5,事務所業務の生成AIテンプレート作成,資料回収リマインドの自動文面 / 月次チェックリスト
gen,59,C2,10,0.5,生成AIテンプレートの業務フロー配置,作成した生成AIテンプレートを、自身の業務のどの工程で使うかにマッピングします
gen,59,D1,11,1.0,生成AIテンプレートの運用・修正演習,研修内で作成した自身の業務用生成AIテンプレートを対象に、出力が期待と異なる場合の修正(条件の追加・例示・出力形式の指定・作業の分割)・再実行・結果検証の手順を演習形式で習得します
gen,59,D2,12,0.5,業務での確認・チェック手順の習得演習,生成AI出力の検算・照合、機密情報の取り扱いなど、自身の業務に即した確認手順を演習で習得し、自業務向けに作成します
gen,59,D3,13,0.5,実務組み込み計画の作成・講師フィードバック,研修で作成した文書・生成AIテンプレートを日次・週次業務のどの工程で使うかの計画にまとめ、講師が個別に添削・フィードバックします
gen,60,B0,1,0.5,社労士補助職業務の生成AI活用実演・要点解説,講師が本コースで扱う一連の業務を生成AIで通しで実演し、要点を解説します
gen,60,B11,2,0.5,生成AIによる手続き文書作成・基礎,入退社・育休等の手続き案内文
gen,60,B12,3,1.0,生成AIによる手続き文書作成・実践,顧問先への確認依頼文
gen,60,B21,4,0.5,生成AIによる手続きデータ整理・基礎,手続き進捗の管理表
gen,60,B22,5,0.5,生成AIによる手続きデータ整理・実践,助成金要件の確認項目整理
gen,60,B3,6,1.0,生成AIによる顧問支援応用①,法改正の要約と顧問先向けニュースレター下書き
gen,60,B4,7,1.0,生成AIによる顧問支援応用②,就業規則改定の変更点整理
gen,60,B5,8,1.0,生成AIによる顧問支援総合演習,ここまでの成果物を統合し、自身の業務を題材とした顧問支援の通し演習を行います(マスキング済みデータ又はダミーデータを使用し、講師の添削・指導のもと、生成AIを用いて訓練用の成果物を完成させます)
gen,60,C1,9,1.5,事務所業務の生成AIテンプレート作成,手続き別必要書類チェックリスト / 月次案内テンプレ
gen,60,C2,10,0.5,生成AIテンプレートの業務フロー配置,作成した生成AIテンプレートを、自身の業務のどの工程で使うかにマッピングします
gen,60,D1,11,1.0,生成AIテンプレートの運用・修正演習,研修内で作成した自身の業務用生成AIテンプレートを対象に、出力が期待と異なる場合の修正(条件の追加・例示・出力形式の指定・作業の分割)・再実行・結果検証の手順を演習形式で習得します
gen,60,D2,12,0.5,業務での確認・チェック手順の習得演習,生成AI出力の検算・照合、機密情報の取り扱いなど、自身の業務に即した確認手順を演習で習得し、自業務向けに作成します
gen,60,D3,13,0.5,実務組み込み計画の作成・講師フィードバック,研修で作成した文書・生成AIテンプレートを日次・週次業務のどの工程で使うかの計画にまとめ、講師が個別に添削・フィードバックします
gen,61,B0,1,0.5,司法書士・行政書士補助職業務の生成AI活用実演・要点解説,講師が本コースで扱う一連の業務を生成AIで通しで実演し、要点を解説します
gen,61,B11,2,0.5,生成AIによる依頼者文書作成・基礎,必要書類の案内文
gen,61,B12,3,1.0,生成AIによる依頼者文書作成・実践,進捗報告文 / 官公署への問い合わせ文
gen,61,B21,4,0.5,生成AIによる案件データ整理・基礎,案件進捗の管理表
gen,61,B22,5,0.5,生成AIによる案件データ整理・実践,提出書類の照合整理
gen,61,B3,6,1.0,生成AIによる調査応用①,許認可要件の調査整理(最終判断は有資格者)
gen,61,B4,7,1.0,生成AIによる調査応用②,定型申請書の下書き効率化
gen,61,B5,8,1.0,生成AIによる調査総合演習,ここまでの成果物を統合し、自身の業務を題材とした調査の通し演習を行います(マスキング済みデータ又はダミーデータを使用し、講師の添削・指導のもと、生成AIを用いて訓練用の成果物を完成させます)
gen,61,C1,9,1.5,事務所業務の生成AIテンプレート作成,案件別書類チェックリスト / 進捗報告テンプレ
gen,61,C2,10,0.5,生成AIテンプレートの業務フロー配置,作成した生成AIテンプレートを、自身の業務のどの工程で使うかにマッピングします
gen,61,D1,11,1.0,生成AIテンプレートの運用・修正演習,研修内で作成した自身の業務用生成AIテンプレートを対象に、出力が期待と異なる場合の修正(条件の追加・例示・出力形式の指定・作業の分割)・再実行・結果検証の手順を演習形式で習得します
gen,61,D2,12,0.5,業務での確認・チェック手順の習得演習,生成AI出力の検算・照合、機密情報の取り扱いなど、自身の業務に即した確認手順を演習で習得し、自業務向けに作成します
gen,61,D3,13,0.5,実務組み込み計画の作成・講師フィードバック,研修で作成した文書・生成AIテンプレートを日次・週次業務のどの工程で使うかの計画にまとめ、講師が個別に添削・フィードバックします
gen,62,B0,1,0.5,社内SE・情報システム職業務の生成AI活用実演・要点解説,講師が本コースで扱う一連の業務を生成AIで通しで実演し、要点を解説します
gen,62,B11,2,0.5,生成AIによるIT文書作成・基礎,障害報告・メンテナンス告知文
gen,62,B12,3,1.0,生成AIによるIT文書作成・実践,ヘルプデスク回答文
gen,62,B21,4,0.5,生成AIによる運用データ整理・基礎,問い合わせログの分類
gen,62,B22,5,0.5,生成AIによる運用データ整理・実践,IT資産管理台帳の整備
gen,62,B3,6,1.0,生成AIによる運用改善応用①,操作手順書の作成
gen,62,B4,7,1.0,生成AIによる運用改善応用②,簡易スクリプト(GAS等)の作成補助
gen,62,B5,8,1.0,生成AIによる運用改善総合演習,ここまでの成果物を統合し、自身の業務を題材とした運用改善の通し演習を行います(マスキング済みデータ又はダミーデータを使用し、講師の添削・指導のもと、生成AIを用いて訓練用の成果物を完成させます)
gen,62,C1,9,1.5,運用業務の生成AIテンプレート作成,ヘルプデスクFAQ化フロー / 障害報告テンプレ
gen,62,C2,10,0.5,生成AIテンプレートの業務フロー配置,作成した生成AIテンプレートを、自身の業務のどの工程で使うかにマッピングします
gen,62,D1,11,1.0,生成AIテンプレートの運用・修正演習,研修内で作成した自身の業務用生成AIテンプレートを対象に、出力が期待と異なる場合の修正(条件の追加・例示・出力形式の指定・作業の分割)・再実行・結果検証の手順を演習形式で習得します
gen,62,D2,12,0.5,業務での確認・チェック手順の習得演習,生成AI出力の検算・照合、機密情報の取り扱いなど、自身の業務に即した確認手順を演習で習得し、自業務向けに作成します
gen,62,D3,13,0.5,実務組み込み計画の作成・講師フィードバック,研修で作成した文書・生成AIテンプレートを日次・週次業務のどの工程で使うかの計画にまとめ、講師が個別に添削・フィードバックします
gen,63,B0,1,0.5,Webエンジニア職業務の生成AI活用実演・要点解説,講師が本コースで扱う一連の業務を生成AIで通しで実演し、要点を解説します
gen,63,B11,2,0.5,生成AIによる開発文書作成・基礎,仕様確認の質問文
gen,63,B12,3,1.0,生成AIによる開発文書作成・実践,リリースノート / 不具合報告への返信
gen,63,B21,4,0.5,生成AIによる開発データ整理・基礎,エラーログの整理と切り分けメモ
gen,63,B22,5,0.5,生成AIによる開発データ整理・実践,テスト観点の一覧化
gen,63,B3,6,1.0,生成AIによる開発応用①,AIペアプログラミング(コードレビュー補助・リファクタ提案)
gen,63,B4,7,1.0,生成AIによる開発応用②,技術調査の要約
gen,63,B5,8,1.0,生成AIによる開発総合演習,ここまでの成果物を統合し、自身の業務を題材とした開発の通し演習を行います(マスキング済みデータ又はダミーデータを使用し、講師の添削・指導のもと、生成AIを用いて訓練用の成果物を完成させます)
gen,63,C1,9,1.5,開発業務の生成AIテンプレート作成,プルリクエストテンプレ / 調査ログの残し方
gen,63,C2,10,0.5,生成AIテンプレートの業務フロー配置,作成した生成AIテンプレートを、自身の業務のどの工程で使うかにマッピングします
gen,63,D1,11,1.0,生成AIテンプレートの運用・修正演習,研修内で作成した自身の業務用生成AIテンプレートを対象に、出力が期待と異なる場合の修正(条件の追加・例示・出力形式の指定・作業の分割)・再実行・結果検証の手順を演習形式で習得します
gen,63,D2,12,0.5,業務での確認・チェック手順の習得演習,生成AI出力の検算・照合、機密情報の取り扱いなど、自身の業務に即した確認手順を演習で習得し、自業務向けに作成します
gen,63,D3,13,0.5,実務組み込み計画の作成・講師フィードバック,研修で作成した文書・生成AIテンプレートを日次・週次業務のどの工程で使うかの計画にまとめ、講師が個別に添削・フィードバックします
gen,64,B0,1,0.5,経営企画職業務の生成AI活用実演・要点解説,講師が本コースで扱う一連の業務を生成AIで通しで実演し、要点を解説します
gen,64,B11,2,0.5,生成AIによる企画文書作成・基礎,会議資料の骨子作成
gen,64,B12,3,1.0,生成AIによる企画文書作成・実践,役員への報告メモ / 全社方針の説明文
gen,64,B21,4,0.5,生成AIによる経営データ整理・基礎,部門別実績の集計と整理
gen,64,B22,5,0.5,生成AIによる経営データ整理・実践,KPI推移の要約
gen,64,B3,6,1.0,生成AIによる戦略立案応用①,市場・競合リサーチ→示唆抽出
gen,64,B4,7,1.0,生成AIによる戦略立案応用②,中期計画の論点整理
gen,64,B5,8,1.0,生成AIによる戦略立案総合演習,ここまでの成果物を統合し、自身の業務を題材とした戦略立案の通し演習を行います(マスキング済みデータ又はダミーデータを使用し、講師の添削・指導のもと、生成AIを用いて訓練用の成果物を完成させます)
gen,64,C1,9,1.5,企画業務の生成AIテンプレート作成,月次経営会議資料テンプレート / リサーチ報告テンプレ
gen,64,C2,10,0.5,生成AIテンプレートの業務フロー配置,作成した生成AIテンプレートを、自身の業務のどの工程で使うかにマッピングします
gen,64,D1,11,1.0,生成AIテンプレートの運用・修正演習,研修内で作成した自身の業務用生成AIテンプレートを対象に、出力が期待と異なる場合の修正(条件の追加・例示・出力形式の指定・作業の分割)・再実行・結果検証の手順を演習形式で習得します
gen,64,D2,12,0.5,業務での確認・チェック手順の習得演習,生成AI出力の検算・照合、機密情報の取り扱いなど、自身の業務に即した確認手順を演習で習得し、自業務向けに作成します
gen,64,D3,13,0.5,実務組み込み計画の作成・講師フィードバック,研修で作成した文書・生成AIテンプレートを日次・週次業務のどの工程で使うかの計画にまとめ、講師が個別に添削・フィードバックします
gen,65,B0,1,0.5,店舗開発職業務の生成AI活用実演・要点解説,講師が本コースで扱う一連の業務を生成AIで通しで実演し、要点を解説します
gen,65,B11,2,0.5,生成AIによる開発文書作成・基礎,物件情報の照会文
gen,65,B12,3,1.0,生成AIによる開発文書作成・実践,出店稟議書の下書き / 地主・管理会社への挨拶文
gen,65,B21,4,0.5,生成AIによる物件データ整理・基礎,候補物件の比較表(賃料・立地条件)
gen,65,B22,5,0.5,生成AIによる物件データ整理・実践,商圏データの整理
gen,65,B3,6,1.0,生成AIによる出店判断応用①,商圏リサーチ(人口動態・競合)→出店評価レポート
gen,65,B4,7,1.0,生成AIによる出店判断応用②,退店・移転の検討資料
gen,65,B5,8,1.0,生成AIによる出店判断総合演習,ここまでの成果物を統合し、自身の業務を題材とした出店判断の通し演習を行います(マスキング済みデータ又はダミーデータを使用し、講師の添削・指導のもと、生成AIを用いて訓練用の成果物を完成させます)
gen,65,C1,9,1.5,開発業務の生成AIテンプレート作成,物件評価チェックリスト / 稟議書テンプレ
gen,65,C2,10,0.5,生成AIテンプレートの業務フロー配置,作成した生成AIテンプレートを、自身の業務のどの工程で使うかにマッピングします
gen,65,D1,11,1.0,生成AIテンプレートの運用・修正演習,研修内で作成した自身の業務用生成AIテンプレートを対象に、出力が期待と異なる場合の修正(条件の追加・例示・出力形式の指定・作業の分割)・再実行・結果検証の手順を演習形式で習得します
gen,65,D2,12,0.5,業務での確認・チェック手順の習得演習,生成AI出力の検算・照合、機密情報の取り扱いなど、自身の業務に即した確認手順を演習で習得し、自業務向けに作成します
gen,65,D3,13,0.5,実務組み込み計画の作成・講師フィードバック,研修で作成した文書・生成AIテンプレートを日次・週次業務のどの工程で使うかの計画にまとめ、講師が個別に添削・フィードバックします
gen,66,B0,1,0.5,教育・講師職(スクール運営)業務の生成AI活用実演・要点解説,講師が本コースで扱う一連の業務を生成AIで通しで実演し、要点を解説します
gen,66,B11,2,0.5,生成AIによる教務文書作成・基礎,教材・確認テストの作成
gen,66,B12,3,1.0,生成AIによる教務文書作成・実践,保護者・受講生への連絡文 / 体験会案内
gen,66,B21,4,0.5,生成AIによる教務データ整理・基礎,成績・出席データの整理
gen,66,B22,5,0.5,生成AIによる教務データ整理・実践,受講アンケート集計
gen,66,B3,6,1.0,生成AIによる授業設計応用①,授業計画(シラバス)の設計
gen,66,B4,7,1.0,生成AIによる授業設計応用②,受講生別フィードバック文の作成
gen,66,B5,8,1.0,生成AIによる授業設計総合演習,ここまでの成果物を統合し、自身の業務を題材とした授業設計の通し演習を行います(マスキング済みデータ又はダミーデータを使用し、講師の添削・指導のもと、生成AIを用いて訓練用の成果物を完成させます)
gen,66,C1,9,1.5,教務の生成AIテンプレート作成,教材作成テンプレート / 面談準備テンプレ
gen,66,C2,10,0.5,生成AIテンプレートの業務フロー配置,作成した生成AIテンプレートを、自身の業務のどの工程で使うかにマッピングします
gen,66,D1,11,1.0,生成AIテンプレートの運用・修正演習,研修内で作成した自身の業務用生成AIテンプレートを対象に、出力が期待と異なる場合の修正(条件の追加・例示・出力形式の指定・作業の分割)・再実行・結果検証の手順を演習形式で習得します
gen,66,D2,12,0.5,業務での確認・チェック手順の習得演習,生成AI出力の検算・照合、機密情報の取り扱いなど、自身の業務に即した確認手順を演習で習得し、自業務向けに作成します
gen,66,D3,13,0.5,実務組み込み計画の作成・講師フィードバック,研修で作成した文書・生成AIテンプレートを日次・週次業務のどの工程で使うかの計画にまとめ、講師が個別に添削・フィードバックします
agent,01,B0,1,0.5,経理職業務のAIエージェント活用実演・要点解説,講師が本コースで扱う一連の業務工程をAIエージェントに委任し、実行から検収までを通しで実演します
agent,01,B11,2,0.5,経理ルーチンの工程分解・基礎,自動化する定型業務の選定と工程分解(入力→手順→出力→判断基準)。題材: 仕訳摘要文の下書き生成 など
agent,01,B12,3,1.0,経理ルーチンの業務指示書作成・実践,AIエージェントに委任するための業務指示書を作成 — 手順・判断基準・例外対応の言語化。題材: 請求書送付状・入金お礼・支払督促メール / 経費精算ルールの社内周知文 など
agent,01,B21,4,0.5,経理ルーチンエージェントの設定・基礎,作成した業務指示書と参照資料をAIエージェントに実装します(手順・ナレッジの登録)
agent,01,B22,5,0.5,経理ルーチンエージェントの設定・実践,マスキング済み又はダミーのデータでテスト実行し、動作を確認・修正します
agent,01,B3,6,1.0,AIエージェントによる経理文書作成の自動化演習①,仕訳摘要文の下書き生成 / 請求書送付状・入金お礼・支払督促メール / 経費精算ルールの社内周知文 の一連工程を委任し、実行結果を検収・修正します
agent,01,B4,7,1.0,AIエージェントによる月次決算の自動化演習②,試算表からの予実差異コメント下書き / 月次報告資料の構成案作成 / 税理士への質問リスト整理 を含む複数ステップの業務フローを連結し、自動実行・検収します
agent,01,B5,8,1.0,AIエージェントによる月次決算総合演習,月次決算の一連の業務フロー(受付→処理→出力→報告)を業務エージェントに委任し、実行・検収・修正までを通しで行います(マスキング済み又はダミーのデータを使用し、講師の添削・指導つき)
agent,01,C1,9,1.5,経理ルーチン業務エージェントの整備,業務指示書・エージェント設定・運用手順・利用ルールを1式にまとめ、動作確認まで完了させます
agent,01,C2,10,0.5,業務エージェントの業務フロー配置,どの工程をAIエージェントに委任し、どこに人の確認ポイントを置くかをマッピングします
agent,01,D1,11,1.0,業務エージェントの運用・監督演習,実行結果の検収手順、想定外の出力・エラー時の停止と修正、業務指示書の改善(再指示・更新)の手順を演習形式で習得します
agent,01,D2,12,0.5,委任範囲と確認体制の策定演習,機密情報・実行権限・承認フローなど、自身の業務に即した委任ルールと確認体制を演習で作成します
agent,01,D3,13,0.5,実務組み込み計画の作成・講師フィードバック,業務エージェントを日次・週次業務のどの工程に組み込むかの計画をまとめ、講師が個別に添削・フィードバックします
agent,02,B0,1,0.5,財務・資金管理職業務のAIエージェント活用実演・要点解説,講師が本コースで扱う一連の業務工程をAIエージェントに委任し、実行から検収までを通しで実演します
agent,02,B11,2,0.5,資金管理の工程分解・基礎,自動化する定型業務の選定と工程分解(入力→手順→出力→判断基準)。題材: 金融機関への借入申込説明文 など
agent,02,B12,3,1.0,資金管理の業務指示書作成・実践,AIエージェントに委任するための業務指示書を作成 — 手順・判断基準・例外対応の言語化。題材: 資金繰り状況の社内報告文 / 支払条件交渉メール など
agent,02,B21,4,0.5,資金管理エージェントの設定・基礎,作成した業務指示書と参照資料をAIエージェントに実装します(手順・ナレッジの登録)
agent,02,B22,5,0.5,資金管理エージェントの設定・実践,マスキング済み又はダミーのデータでテスト実行し、動作を確認・修正します
agent,02,B3,6,1.0,AIエージェントによる財務文書作成の自動化演習①,金融機関への借入申込説明文 / 資金繰り状況の社内報告文 / 支払条件交渉メール の一連工程を委任し、実行結果を検収・修正します
agent,02,B4,7,1.0,AIエージェントによる資金計画の自動化演習②,資金繰りシナリオ比較(楽観・悲観) / 金融機関向け事業計画書の下書き を含む複数ステップの業務フローを連結し、自動実行・検収します
agent,02,B5,8,1.0,AIエージェントによる資金計画総合演習,資金計画の一連の業務フロー(受付→処理→出力→報告)を業務エージェントに委任し、実行・検収・修正までを通しで行います(マスキング済み又はダミーのデータを使用し、講師の添削・指導つき)
agent,02,C1,9,1.5,資金管理業務エージェントの整備,業務指示書・エージェント設定・運用手順・利用ルールを1式にまとめ、動作確認まで完了させます
agent,02,C2,10,0.5,業務エージェントの業務フロー配置,どの工程をAIエージェントに委任し、どこに人の確認ポイントを置くかをマッピングします
agent,02,D1,11,1.0,業務エージェントの運用・監督演習,実行結果の検収手順、想定外の出力・エラー時の停止と修正、業務指示書の改善(再指示・更新)の手順を演習形式で習得します
agent,02,D2,12,0.5,委任範囲と確認体制の策定演習,機密情報・実行権限・承認フローなど、自身の業務に即した委任ルールと確認体制を演習で作成します
agent,02,D3,13,0.5,実務組み込み計画の作成・講師フィードバック,業務エージェントを日次・週次業務のどの工程に組み込むかの計画をまとめ、講師が個別に添削・フィードバックします
agent,03,B0,1,0.5,総務職業務のAIエージェント活用実演・要点解説,講師が本コースで扱う一連の業務工程をAIエージェントに委任し、実行から検収までを通しで実演します
agent,03,B11,2,0.5,総務ルーチンの工程分解・基礎,自動化する定型業務の選定と工程分解(入力→手順→出力→判断基準)。題材: 社内通達・案内文(規程改定・行事・防災訓練) など
agent,03,B12,3,1.0,総務ルーチンの業務指示書作成・実践,AIエージェントに委任するための業務指示書を作成 — 手順・判断基準・例外対応の言語化。題材: 取引先への挨拶状・慶弔文書 など
agent,03,B21,4,0.5,総務ルーチンエージェントの設定・基礎,作成した業務指示書と参照資料をAIエージェントに実装します(手順・ナレッジの登録)
agent,03,B22,5,0.5,総務ルーチンエージェントの設定・実践,マスキング済み又はダミーのデータでテスト実行し、動作を確認・修正します
agent,03,B3,6,1.0,AIエージェントによる総務文書作成の自動化演習①,社内通達・案内文(規程改定・行事・防災訓練) / 取引先への挨拶状・慶弔文書 の一連工程を委任し、実行結果を検収・修正します
agent,03,B4,7,1.0,AIエージェントによる社内対応の自動化演習②,社内FAQ(よくある問い合わせ)の整備 / 全社会議・株主総会の運営マニュアル下書き を含む複数ステップの業務フローを連結し、自動実行・検収します
agent,03,B5,8,1.0,AIエージェントによる社内対応総合演習,社内対応の一連の業務フロー(受付→処理→出力→報告)を業務エージェントに委任し、実行・検収・修正までを通しで行います(マスキング済み又はダミーのデータを使用し、講師の添削・指導つき)
agent,03,C1,9,1.5,総務ルーチン業務エージェントの整備,業務指示書・エージェント設定・運用手順・利用ルールを1式にまとめ、動作確認まで完了させます
agent,03,C2,10,0.5,業務エージェントの業務フロー配置,どの工程をAIエージェントに委任し、どこに人の確認ポイントを置くかをマッピングします
agent,03,D1,11,1.0,業務エージェントの運用・監督演習,実行結果の検収手順、想定外の出力・エラー時の停止と修正、業務指示書の改善(再指示・更新)の手順を演習形式で習得します
agent,03,D2,12,0.5,委任範囲と確認体制の策定演習,機密情報・実行権限・承認フローなど、自身の業務に即した委任ルールと確認体制を演習で作成します
agent,03,D3,13,0.5,実務組み込み計画の作成・講師フィードバック,業務エージェントを日次・週次業務のどの工程に組み込むかの計画をまとめ、講師が個別に添削・フィードバックします
agent,04,B0,1,0.5,人事職(採用)業務のAIエージェント活用実演・要点解説,講師が本コースで扱う一連の業務工程をAIエージェントに委任し、実行から検収までを通しで実演します
agent,04,B11,2,0.5,採用フローの工程分解・基礎,自動化する定型業務の選定と工程分解(入力→手順→出力→判断基準)。題材: 媒体別求人票の作成 など
agent,04,B12,3,1.0,採用フローの業務指示書作成・実践,AIエージェントに委任するための業務指示書を作成 — 手順・判断基準・例外対応の言語化。題材: スカウトメール / 応募者への合否・日程調整メール など
agent,04,B21,4,0.5,採用フローエージェントの設定・基礎,作成した業務指示書と参照資料をAIエージェントに実装します(手順・ナレッジの登録)
agent,04,B22,5,0.5,採用フローエージェントの設定・実践,マスキング済み又はダミーのデータでテスト実行し、動作を確認・修正します
agent,04,B3,6,1.0,AIエージェントによる採用文書作成の自動化演習①,媒体別求人票の作成 / スカウトメール / 応募者への合否・日程調整メール の一連工程を委任し、実行結果を検収・修正します
agent,04,B4,7,1.0,AIエージェントによる選考設計の自動化演習②,職種別の面接質問設計 / 面接メモの評価シート整形 / 採用ページの文章改善 を含む複数ステップの業務フローを連結し、自動実行・検収します
agent,04,B5,8,1.0,AIエージェントによる選考設計総合演習,選考設計の一連の業務フロー(受付→処理→出力→報告)を業務エージェントに委任し、実行・検収・修正までを通しで行います(マスキング済み又はダミーのデータを使用し、講師の添削・指導つき)
agent,04,C1,9,1.5,採用フロー業務エージェントの整備,業務指示書・エージェント設定・運用手順・利用ルールを1式にまとめ、動作確認まで完了させます
agent,04,C2,10,0.5,業務エージェントの業務フロー配置,どの工程をAIエージェントに委任し、どこに人の確認ポイントを置くかをマッピングします
agent,04,D1,11,1.0,業務エージェントの運用・監督演習,実行結果の検収手順、想定外の出力・エラー時の停止と修正、業務指示書の改善(再指示・更新)の手順を演習形式で習得します
agent,04,D2,12,0.5,委任範囲と確認体制の策定演習,機密情報・実行権限・承認フローなど、自身の業務に即した委任ルールと確認体制を演習で作成します
agent,04,D3,13,0.5,実務組み込み計画の作成・講師フィードバック,業務エージェントを日次・週次業務のどの工程に組み込むかの計画をまとめ、講師が個別に添削・フィードバックします
agent,05,B0,1,0.5,人事職(教育・評価)業務のAIエージェント活用実演・要点解説,講師が本コースで扱う一連の業務工程をAIエージェントに委任し、実行から検収までを通しで実演します
agent,05,B11,2,0.5,育成業務の工程分解・基礎,自動化する定型業務の選定と工程分解(入力→手順→出力→判断基準)。題材: 研修案内文 など
agent,05,B12,3,1.0,育成業務の業務指示書作成・実践,AIエージェントに委任するための業務指示書を作成 — 手順・判断基準・例外対応の言語化。題材: 評価フィードバック面談の準備メモ / 目標設定の記入例文 など
agent,05,B21,4,0.5,育成業務エージェントの設定・基礎,作成した業務指示書と参照資料をAIエージェントに実装します(手順・ナレッジの登録)
agent,05,B22,5,0.5,育成業務エージェントの設定・実践,マスキング済み又はダミーのデータでテスト実行し、動作を確認・修正します
agent,05,B3,6,1.0,AIエージェントによる育成文書作成の自動化演習①,研修案内文 / 評価フィードバック面談の準備メモ / 目標設定の記入例文 の一連工程を委任し、実行結果を検収・修正します
agent,05,B4,7,1.0,AIエージェントによる育成企画の自動化演習②,階層別研修計画の骨子作成 / 評価者向けガイド文書の下書き を含む複数ステップの業務フローを連結し、自動実行・検収します
agent,05,B5,8,1.0,AIエージェントによる育成企画総合演習,育成企画の一連の業務フロー(受付→処理→出力→報告)を業務エージェントに委任し、実行・検収・修正までを通しで行います(マスキング済み又はダミーのデータを使用し、講師の添削・指導つき)
agent,05,C1,9,1.5,育成業務エージェントの整備,業務指示書・エージェント設定・運用手順・利用ルールを1式にまとめ、動作確認まで完了させます
agent,05,C2,10,0.5,業務エージェントの業務フロー配置,どの工程をAIエージェントに委任し、どこに人の確認ポイントを置くかをマッピングします
agent,05,D1,11,1.0,業務エージェントの運用・監督演習,実行結果の検収手順、想定外の出力・エラー時の停止と修正、業務指示書の改善(再指示・更新)の手順を演習形式で習得します
agent,05,D2,12,0.5,委任範囲と確認体制の策定演習,機密情報・実行権限・承認フローなど、自身の業務に即した委任ルールと確認体制を演習で作成します
agent,05,D3,13,0.5,実務組み込み計画の作成・講師フィードバック,業務エージェントを日次・週次業務のどの工程に組み込むかの計画をまとめ、講師が個別に添削・フィードバックします
agent,06,B0,1,0.5,労務職業務のAIエージェント活用実演・要点解説,講師が本コースで扱う一連の業務工程をAIエージェントに委任し、実行から検収までを通しで実演します
agent,06,B11,2,0.5,労務ルーチンの工程分解・基礎,自動化する定型業務の選定と工程分解(入力→手順→出力→判断基準)。題材: 入退社手続き案内文 など
agent,06,B12,3,1.0,労務ルーチンの業務指示書作成・実践,AIエージェントに委任するための業務指示書を作成 — 手順・判断基準・例外対応の言語化。題材: 休職・復職に関する通知文 / 届出関連の社内説明文 など
agent,06,B21,4,0.5,労務ルーチンエージェントの設定・基礎,作成した業務指示書と参照資料をAIエージェントに実装します(手順・ナレッジの登録)
agent,06,B22,5,0.5,労務ルーチンエージェントの設定・実践,マスキング済み又はダミーのデータでテスト実行し、動作を確認・修正します
agent,06,B3,6,1.0,AIエージェントによる労務文書作成の自動化演習①,入退社手続き案内文 / 休職・復職に関する通知文 / 届出関連の社内説明文 の一連工程を委任し、実行結果を検収・修正します
agent,06,B4,7,1.0,AIエージェントによる労務対応の自動化演習②,就業規則の照会対応(条文検索→回答下書き) / 労務相談の記録整理 を含む複数ステップの業務フローを連結し、自動実行・検収します
agent,06,B5,8,1.0,AIエージェントによる労務対応総合演習,労務対応の一連の業務フロー(受付→処理→出力→報告)を業務エージェントに委任し、実行・検収・修正までを通しで行います(マスキング済み又はダミーのデータを使用し、講師の添削・指導つき)
agent,06,C1,9,1.5,労務ルーチン業務エージェントの整備,業務指示書・エージェント設定・運用手順・利用ルールを1式にまとめ、動作確認まで完了させます
agent,06,C2,10,0.5,業務エージェントの業務フロー配置,どの工程をAIエージェントに委任し、どこに人の確認ポイントを置くかをマッピングします
agent,06,D1,11,1.0,業務エージェントの運用・監督演習,実行結果の検収手順、想定外の出力・エラー時の停止と修正、業務指示書の改善(再指示・更新)の手順を演習形式で習得します
agent,06,D2,12,0.5,委任範囲と確認体制の策定演習,機密情報・実行権限・承認フローなど、自身の業務に即した委任ルールと確認体制を演習で作成します
agent,06,D3,13,0.5,実務組み込み計画の作成・講師フィードバック,業務エージェントを日次・週次業務のどの工程に組み込むかの計画をまとめ、講師が個別に添削・フィードバックします
agent,07,B0,1,0.5,一般事務職業務のAIエージェント活用実演・要点解説,講師が本コースで扱う一連の業務工程をAIエージェントに委任し、実行から検収までを通しで実演します
agent,07,B11,2,0.5,定型業務の工程分解・基礎,自動化する定型業務の選定と工程分解(入力→手順→出力→判断基準)。題材: 社内外メール・送付状 など
agent,07,B12,3,1.0,定型業務の業務指示書作成・実践,AIエージェントに委任するための業務指示書を作成 — 手順・判断基準・例外対応の言語化。題材: 会議録音の文字起こし→議事録整形 / 回覧文書 など
agent,07,B21,4,0.5,定型業務エージェントの設定・基礎,作成した業務指示書と参照資料をAIエージェントに実装します(手順・ナレッジの登録)
agent,07,B22,5,0.5,定型業務エージェントの設定・実践,マスキング済み又はダミーのデータでテスト実行し、動作を確認・修正します
agent,07,B3,6,1.0,AIエージェントによる事務文書作成の自動化演習①,社内外メール・送付状 / 会議録音の文字起こし→議事録整形 / 回覧文書 の一連工程を委任し、実行結果を検収・修正します
agent,07,B4,7,1.0,AIエージェントによる業務整備の自動化演習②,電話メモ→対応履歴の整形 / マニュアルのない業務の手順書化 を含む複数ステップの業務フローを連結し、自動実行・検収します
agent,07,B5,8,1.0,AIエージェントによる業務整備総合演習,業務整備の一連の業務フロー(受付→処理→出力→報告)を業務エージェントに委任し、実行・検収・修正までを通しで行います(マスキング済み又はダミーのデータを使用し、講師の添削・指導つき)
agent,07,C1,9,1.5,定型業務エージェントの整備,業務指示書・エージェント設定・運用手順・利用ルールを1式にまとめ、動作確認まで完了させます
agent,07,C2,10,0.5,業務エージェントの業務フロー配置,どの工程をAIエージェントに委任し、どこに人の確認ポイントを置くかをマッピングします
agent,07,D1,11,1.0,業務エージェントの運用・監督演習,実行結果の検収手順、想定外の出力・エラー時の停止と修正、業務指示書の改善(再指示・更新)の手順を演習形式で習得します
agent,07,D2,12,0.5,委任範囲と確認体制の策定演習,機密情報・実行権限・承認フローなど、自身の業務に即した委任ルールと確認体制を演習で作成します
agent,07,D3,13,0.5,実務組み込み計画の作成・講師フィードバック,業務エージェントを日次・週次業務のどの工程に組み込むかの計画をまとめ、講師が個別に添削・フィードバックします
agent,08,B0,1,0.5,営業事務職業務のAIエージェント活用実演・要点解説,講師が本コースで扱う一連の業務工程をAIエージェントに委任し、実行から検収までを通しで実演します
agent,08,B11,2,0.5,受注処理の工程分解・基礎,自動化する定型業務の選定と工程分解(入力→手順→出力→判断基準)。題材: 見積書・注文請書の作成補助 など
agent,08,B12,3,1.0,受注処理の業務指示書作成・実践,AIエージェントに委任するための業務指示書を作成 — 手順・判断基準・例外対応の言語化。題材: 納期回答メール / 営業担当への引き継ぎメモ など
agent,08,B21,4,0.5,受注処理エージェントの設定・基礎,作成した業務指示書と参照資料をAIエージェントに実装します(手順・ナレッジの登録)
agent,08,B22,5,0.5,受注処理エージェントの設定・実践,マスキング済み又はダミーのデータでテスト実行し、動作を確認・修正します
agent,08,B3,6,1.0,AIエージェントによる受発注文書作成の自動化演習①,見積書・注文請書の作成補助 / 納期回答メール / 営業担当への引き継ぎメモ の一連工程を委任し、実行結果を検収・修正します
agent,08,B4,7,1.0,AIエージェントによる顧客対応の自動化演習②,見積根拠の説明文書 / 仕様問い合わせ対応の下書き を含む複数ステップの業務フローを連結し、自動実行・検収します
agent,08,B5,8,1.0,AIエージェントによる顧客対応総合演習,顧客対応の一連の業務フロー(受付→処理→出力→報告)を業務エージェントに委任し、実行・検収・修正までを通しで行います(マスキング済み又はダミーのデータを使用し、講師の添削・指導つき)
agent,08,C1,9,1.5,受注処理業務エージェントの整備,業務指示書・エージェント設定・運用手順・利用ルールを1式にまとめ、動作確認まで完了させます
agent,08,C2,10,0.5,業務エージェントの業務フロー配置,どの工程をAIエージェントに委任し、どこに人の確認ポイントを置くかをマッピングします
agent,08,D1,11,1.0,業務エージェントの運用・監督演習,実行結果の検収手順、想定外の出力・エラー時の停止と修正、業務指示書の改善(再指示・更新)の手順を演習形式で習得します
agent,08,D2,12,0.5,委任範囲と確認体制の策定演習,機密情報・実行権限・承認フローなど、自身の業務に即した委任ルールと確認体制を演習で作成します
agent,08,D3,13,0.5,実務組み込み計画の作成・講師フィードバック,業務エージェントを日次・週次業務のどの工程に組み込むかの計画をまとめ、講師が個別に添削・フィードバックします
agent,09,B0,1,0.5,貿易事務職業務のAIエージェント活用実演・要点解説,講師が本コースで扱う一連の業務工程をAIエージェントに委任し、実行から検収までを通しで実演します
agent,09,B11,2,0.5,貿易業務の工程分解・基礎,自動化する定型業務の選定と工程分解(入力→手順→出力→判断基準)。題材: 英文メール(船積案内・書類送付・納期調整) など
agent,09,B12,3,1.0,貿易業務の業務指示書作成・実践,AIエージェントに委任するための業務指示書を作成 — 手順・判断基準・例外対応の言語化。題材: インボイス・パッキングリストの記載チェック など
agent,09,B21,4,0.5,貿易業務エージェントの設定・基礎,作成した業務指示書と参照資料をAIエージェントに実装します(手順・ナレッジの登録)
agent,09,B22,5,0.5,貿易業務エージェントの設定・実践,マスキング済み又はダミーのデータでテスト実行し、動作を確認・修正します
agent,09,B3,6,1.0,AIエージェントによる貿易文書作成の自動化演習①,英文メール(船積案内・書類送付・納期調整) / インボイス・パッキングリストの記載チェック の一連工程を委任し、実行結果を検収・修正します
agent,09,B4,7,1.0,AIエージェントによる貿易対応の自動化演習②,英文契約条件の要点整理(和訳・比較) / フォワーダーへの見積依頼文 を含む複数ステップの業務フローを連結し、自動実行・検収します
agent,09,B5,8,1.0,AIエージェントによる貿易対応総合演習,貿易対応の一連の業務フロー(受付→処理→出力→報告)を業務エージェントに委任し、実行・検収・修正までを通しで行います(マスキング済み又はダミーのデータを使用し、講師の添削・指導つき)
agent,09,C1,9,1.5,貿易業務エージェントの整備,業務指示書・エージェント設定・運用手順・利用ルールを1式にまとめ、動作確認まで完了させます
agent,09,C2,10,0.5,業務エージェントの業務フロー配置,どの工程をAIエージェントに委任し、どこに人の確認ポイントを置くかをマッピングします
agent,09,D1,11,1.0,業務エージェントの運用・監督演習,実行結果の検収手順、想定外の出力・エラー時の停止と修正、業務指示書の改善(再指示・更新)の手順を演習形式で習得します
agent,09,D2,12,0.5,委任範囲と確認体制の策定演習,機密情報・実行権限・承認フローなど、自身の業務に即した委任ルールと確認体制を演習で作成します
agent,09,D3,13,0.5,実務組み込み計画の作成・講師フィードバック,業務エージェントを日次・週次業務のどの工程に組み込むかの計画をまとめ、講師が個別に添削・フィードバックします
agent,10,B0,1,0.5,調達・購買職業務のAIエージェント活用実演・要点解説,講師が本コースで扱う一連の業務工程をAIエージェントに委任し、実行から検収までを通しで実演します
agent,10,B11,2,0.5,購買業務の工程分解・基礎,自動化する定型業務の選定と工程分解(入力→手順→出力→判断基準)。題材: 見積依頼(RFQ)文書 など
agent,10,B12,3,1.0,購買業務の業務指示書作成・実践,AIエージェントに委任するための業務指示書を作成 — 手順・判断基準・例外対応の言語化。題材: 価格交渉メール / 発注書送付状 など
agent,10,B21,4,0.5,購買業務エージェントの設定・基礎,作成した業務指示書と参照資料をAIエージェントに実装します(手順・ナレッジの登録)
agent,10,B22,5,0.5,購買業務エージェントの設定・実践,マスキング済み又はダミーのデータでテスト実行し、動作を確認・修正します
agent,10,B3,6,1.0,AIエージェントによる購買文書作成の自動化演習①,見積依頼(RFQ)文書 / 価格交渉メール / 発注書送付状 の一連工程を委任し、実行結果を検収・修正します
agent,10,B4,7,1.0,AIエージェントによる調達戦略の自動化演習②,代替サプライヤーのリサーチ / 価格改定要請への回答方針整理 を含む複数ステップの業務フローを連結し、自動実行・検収します
agent,10,B5,8,1.0,AIエージェントによる調達戦略総合演習,調達戦略の一連の業務フロー(受付→処理→出力→報告)を業務エージェントに委任し、実行・検収・修正までを通しで行います(マスキング済み又はダミーのデータを使用し、講師の添削・指導つき)
agent,10,C1,9,1.5,購買業務エージェントの整備,業務指示書・エージェント設定・運用手順・利用ルールを1式にまとめ、動作確認まで完了させます
agent,10,C2,10,0.5,業務エージェントの業務フロー配置,どの工程をAIエージェントに委任し、どこに人の確認ポイントを置くかをマッピングします
agent,10,D1,11,1.0,業務エージェントの運用・監督演習,実行結果の検収手順、想定外の出力・エラー時の停止と修正、業務指示書の改善(再指示・更新)の手順を演習形式で習得します
agent,10,D2,12,0.5,委任範囲と確認体制の策定演習,機密情報・実行権限・承認フローなど、自身の業務に即した委任ルールと確認体制を演習で作成します
agent,10,D3,13,0.5,実務組み込み計画の作成・講師フィードバック,業務エージェントを日次・週次業務のどの工程に組み込むかの計画をまとめ、講師が個別に添削・フィードバックします
agent,11,B0,1,0.5,秘書・役員アシスタント職業務のAIエージェント活用実演・要点解説,講師が本コースで扱う一連の業務工程をAIエージェントに委任し、実行から検収までを通しで実演します
agent,11,B11,2,0.5,秘書業務の工程分解・基礎,自動化する定型業務の選定と工程分解(入力→手順→出力→判断基準)。題材: 社内外の日程調整メール(複数候補提示) など
agent,11,B12,3,1.0,秘書業務の業務指示書作成・実践,AIエージェントに委任するための業務指示書を作成 — 手順・判断基準・例外対応の言語化。題材: 出張手配の依頼文 / 来客案内状 など
agent,11,B21,4,0.5,秘書業務エージェントの設定・基礎,作成した業務指示書と参照資料をAIエージェントに実装します(手順・ナレッジの登録)
agent,11,B22,5,0.5,秘書業務エージェントの設定・実践,マスキング済み又はダミーのデータでテスト実行し、動作を確認・修正します
agent,11,B3,6,1.0,AIエージェントによる調整文書作成の自動化演習①,社内外の日程調整メール(複数候補提示) / 出張手配の依頼文 / 来客案内状 の一連工程を委任し、実行結果を検収・修正します
agent,11,B4,7,1.0,AIエージェントによる役員支援の自動化演習②,会食店選定リサーチと候補提案書 / スピーチ原稿の下書き補助 を含む複数ステップの業務フローを連結し、自動実行・検収します
agent,11,B5,8,1.0,AIエージェントによる役員支援総合演習,役員支援の一連の業務フロー(受付→処理→出力→報告)を業務エージェントに委任し、実行・検収・修正までを通しで行います(マスキング済み又はダミーのデータを使用し、講師の添削・指導つき)
agent,11,C1,9,1.5,秘書業務エージェントの整備,業務指示書・エージェント設定・運用手順・利用ルールを1式にまとめ、動作確認まで完了させます
agent,11,C2,10,0.5,業務エージェントの業務フロー配置,どの工程をAIエージェントに委任し、どこに人の確認ポイントを置くかをマッピングします
agent,11,D1,11,1.0,業務エージェントの運用・監督演習,実行結果の検収手順、想定外の出力・エラー時の停止と修正、業務指示書の改善(再指示・更新)の手順を演習形式で習得します
agent,11,D2,12,0.5,委任範囲と確認体制の策定演習,機密情報・実行権限・承認フローなど、自身の業務に即した委任ルールと確認体制を演習で作成します
agent,11,D3,13,0.5,実務組み込み計画の作成・講師フィードバック,業務エージェントを日次・週次業務のどの工程に組み込むかの計画をまとめ、講師が個別に添削・フィードバックします
agent,12,B0,1,0.5,法務・契約事務職業務のAIエージェント活用実演・要点解説,講師が本コースで扱う一連の業務工程をAIエージェントに委任し、実行から検収までを通しで実演します
agent,12,B11,2,0.5,契約業務の工程分解・基礎,自動化する定型業務の選定と工程分解(入力→手順→出力→判断基準)。題材: 契約締結依頼への社内回答文 など
agent,12,B12,3,1.0,契約業務の業務指示書作成・実践,AIエージェントに委任するための業務指示書を作成 — 手順・判断基準・例外対応の言語化。題材: 押印・電子契約の案内文 など
agent,12,B21,4,0.5,契約業務エージェントの設定・基礎,作成した業務指示書と参照資料をAIエージェントに実装します(手順・ナレッジの登録)
agent,12,B22,5,0.5,契約業務エージェントの設定・実践,マスキング済み又はダミーのデータでテスト実行し、動作を確認・修正します
agent,12,B3,6,1.0,AIエージェントによる契約関連文書作成の自動化演習①,契約締結依頼への社内回答文 / 押印・電子契約の案内文 の一連工程を委任し、実行結果を検収・修正します
agent,12,B4,7,1.0,AIエージェントによる契約審査の自動化演習②,契約リスク論点の洗い出し(専門家相談前の整理) / NDAレビュー前チェック を含む複数ステップの業務フローを連結し、自動実行・検収します
agent,12,B5,8,1.0,AIエージェントによる契約審査総合演習,契約審査の一連の業務フロー(受付→処理→出力→報告)を業務エージェントに委任し、実行・検収・修正までを通しで行います(マスキング済み又はダミーのデータを使用し、講師の添削・指導つき)
agent,12,C1,9,1.5,契約業務エージェントの整備,業務指示書・エージェント設定・運用手順・利用ルールを1式にまとめ、動作確認まで完了させます
agent,12,C2,10,0.5,業務エージェントの業務フロー配置,どの工程をAIエージェントに委任し、どこに人の確認ポイントを置くかをマッピングします
agent,12,D1,11,1.0,業務エージェントの運用・監督演習,実行結果の検収手順、想定外の出力・エラー時の停止と修正、業務指示書の改善(再指示・更新)の手順を演習形式で習得します
agent,12,D2,12,0.5,委任範囲と確認体制の策定演習,機密情報・実行権限・承認フローなど、自身の業務に即した委任ルールと確認体制を演習で作成します
agent,12,D3,13,0.5,実務組み込み計画の作成・講師フィードバック,業務エージェントを日次・週次業務のどの工程に組み込むかの計画をまとめ、講師が個別に添削・フィードバックします
agent,13,B0,1,0.5,法人営業職(新規開拓)業務のAIエージェント活用実演・要点解説,講師が本コースで扱う一連の業務工程をAIエージェントに委任し、実行から検収までを通しで実演します
agent,13,B11,2,0.5,営業活動の工程分解・基礎,自動化する定型業務の選定と工程分解(入力→手順→出力→判断基準)。題材: アポ獲得メール・レター など
agent,13,B12,3,1.0,営業活動の業務指示書作成・実践,AIエージェントに委任するための業務指示書を作成 — 手順・判断基準・例外対応の言語化。題材: 提案書の構成案と本文 / 商談後お礼メール など
agent,13,B21,4,0.5,営業活動エージェントの設定・基礎,作成した業務指示書と参照資料をAIエージェントに実装します(手順・ナレッジの登録)
agent,13,B22,5,0.5,営業活動エージェントの設定・実践,マスキング済み又はダミーのデータでテスト実行し、動作を確認・修正します
agent,13,B3,6,1.0,AIエージェントによる営業文書作成の自動化演習①,アポ獲得メール・レター / 提案書の構成案と本文 / 商談後お礼メール の一連工程を委任し、実行結果を検収・修正します
agent,13,B4,7,1.0,AIエージェントによる提案力の自動化演習②,顧客業界の動向リサーチ→提案への反映 / 失注理由の分析と切り返し整理 を含む複数ステップの業務フローを連結し、自動実行・検収します
agent,13,B5,8,1.0,AIエージェントによる提案力総合演習,提案力の一連の業務フロー(受付→処理→出力→報告)を業務エージェントに委任し、実行・検収・修正までを通しで行います(マスキング済み又はダミーのデータを使用し、講師の添削・指導つき)
agent,13,C1,9,1.5,営業活動業務エージェントの整備,業務指示書・エージェント設定・運用手順・利用ルールを1式にまとめ、動作確認まで完了させます
agent,13,C2,10,0.5,業務エージェントの業務フロー配置,どの工程をAIエージェントに委任し、どこに人の確認ポイントを置くかをマッピングします
agent,13,D1,11,1.0,業務エージェントの運用・監督演習,実行結果の検収手順、想定外の出力・エラー時の停止と修正、業務指示書の改善(再指示・更新)の手順を演習形式で習得します
agent,13,D2,12,0.5,委任範囲と確認体制の策定演習,機密情報・実行権限・承認フローなど、自身の業務に即した委任ルールと確認体制を演習で作成します
agent,13,D3,13,0.5,実務組み込み計画の作成・講師フィードバック,業務エージェントを日次・週次業務のどの工程に組み込むかの計画をまとめ、講師が個別に添削・フィードバックします
agent,14,B0,1,0.5,ルート営業職業務のAIエージェント活用実演・要点解説,講師が本コースで扱う一連の業務工程をAIエージェントに委任し、実行から検収までを通しで実演します
agent,14,B11,2,0.5,巡回業務の工程分解・基礎,自動化する定型業務の選定と工程分解(入力→手順→出力→判断基準)。題材: 定期訪問の報告書 など
agent,14,B12,3,1.0,巡回業務の業務指示書作成・実践,AIエージェントに委任するための業務指示書を作成 — 手順・判断基準・例外対応の言語化。題材: 新商品案内文 / 価格改定の説明文書 など
agent,14,B21,4,0.5,巡回業務エージェントの設定・基礎,作成した業務指示書と参照資料をAIエージェントに実装します(手順・ナレッジの登録)
agent,14,B22,5,0.5,巡回業務エージェントの設定・実践,マスキング済み又はダミーのデータでテスト実行し、動作を確認・修正します
agent,14,B3,6,1.0,AIエージェントによる訪問文書作成の自動化演習①,定期訪問の報告書 / 新商品案内文 / 価格改定の説明文書 の一連工程を委任し、実行結果を検収・修正します
agent,14,B4,7,1.0,AIエージェントによる深耕提案の自動化演習②,購買履歴からの顧客別提案ネタ出し / 休眠顧客への再アプローチ文 を含む複数ステップの業務フローを連結し、自動実行・検収します
agent,14,B5,8,1.0,AIエージェントによる深耕提案総合演習,深耕提案の一連の業務フロー(受付→処理→出力→報告)を業務エージェントに委任し、実行・検収・修正までを通しで行います(マスキング済み又はダミーのデータを使用し、講師の添削・指導つき)
agent,14,C1,9,1.5,巡回業務エージェントの整備,業務指示書・エージェント設定・運用手順・利用ルールを1式にまとめ、動作確認まで完了させます
agent,14,C2,10,0.5,業務エージェントの業務フロー配置,どの工程をAIエージェントに委任し、どこに人の確認ポイントを置くかをマッピングします
agent,14,D1,11,1.0,業務エージェントの運用・監督演習,実行結果の検収手順、想定外の出力・エラー時の停止と修正、業務指示書の改善(再指示・更新)の手順を演習形式で習得します
agent,14,D2,12,0.5,委任範囲と確認体制の策定演習,機密情報・実行権限・承認フローなど、自身の業務に即した委任ルールと確認体制を演習で作成します
agent,14,D3,13,0.5,実務組み込み計画の作成・講師フィードバック,業務エージェントを日次・週次業務のどの工程に組み込むかの計画をまとめ、講師が個別に添削・フィードバックします
agent,15,B0,1,0.5,インサイドセールス職業務のAIエージェント活用実演・要点解説,講師が本コースで扱う一連の業務工程をAIエージェントに委任し、実行から検収までを通しで実演します
agent,15,B11,2,0.5,追客の工程分解・基礎,自動化する定型業務の選定と工程分解(入力→手順→出力→判断基準)。題材: 業界別架電スクリプト など
agent,15,B12,3,1.0,追客の業務指示書作成・実践,AIエージェントに委任するための業務指示書を作成 — 手順・判断基準・例外対応の言語化。題材: メール・フォーム営業文面 / 資料送付後の追客メール など
agent,15,B21,4,0.5,追客エージェントの設定・基礎,作成した業務指示書と参照資料をAIエージェントに実装します(手順・ナレッジの登録)
agent,15,B22,5,0.5,追客エージェントの設定・実践,マスキング済み又はダミーのデータでテスト実行し、動作を確認・修正します
agent,15,B3,6,1.0,AIエージェントによる架電・メール文書作成の自動化演習①,業界別架電スクリプト / メール・フォーム営業文面 / 資料送付後の追客メール の一連工程を委任し、実行結果を検収・修正します
agent,15,B4,7,1.0,AIエージェントによるトーク改善の自動化演習②,断り文句別の切り返し集作成 / 文面ABテストの生成と検証設計 を含む複数ステップの業務フローを連結し、自動実行・検収します
agent,15,B5,8,1.0,AIエージェントによるトーク改善総合演習,トーク改善の一連の業務フロー(受付→処理→出力→報告)を業務エージェントに委任し、実行・検収・修正までを通しで行います(マスキング済み又はダミーのデータを使用し、講師の添削・指導つき)
agent,15,C1,9,1.5,追客業務エージェントの整備,業務指示書・エージェント設定・運用手順・利用ルールを1式にまとめ、動作確認まで完了させます
agent,15,C2,10,0.5,業務エージェントの業務フロー配置,どの工程をAIエージェントに委任し、どこに人の確認ポイントを置くかをマッピングします
agent,15,D1,11,1.0,業務エージェントの運用・監督演習,実行結果の検収手順、想定外の出力・エラー時の停止と修正、業務指示書の改善(再指示・更新)の手順を演習形式で習得します
agent,15,D2,12,0.5,委任範囲と確認体制の策定演習,機密情報・実行権限・承認フローなど、自身の業務に即した委任ルールと確認体制を演習で作成します
agent,15,D3,13,0.5,実務組み込み計画の作成・講師フィードバック,業務エージェントを日次・週次業務のどの工程に組み込むかの計画をまとめ、講師が個別に添削・フィードバックします
agent,16,B0,1,0.5,カスタマーサクセス職業務のAIエージェント活用実演・要点解説,講師が本コースで扱う一連の業務工程をAIエージェントに委任し、実行から検収までを通しで実演します
agent,16,B11,2,0.5,CS業務の工程分解・基礎,自動化する定型業務の選定と工程分解(入力→手順→出力→判断基準)。題材: オンボーディング案内文 など
agent,16,B12,3,1.0,CS業務の業務指示書作成・実践,AIエージェントに委任するための業務指示書を作成 — 手順・判断基準・例外対応の言語化。題材: 活用提案メール / 解約希望への対応文 など
agent,16,B21,4,0.5,CS業務エージェントの設定・基礎,作成した業務指示書と参照資料をAIエージェントに実装します(手順・ナレッジの登録)
agent,16,B22,5,0.5,CS業務エージェントの設定・実践,マスキング済み又はダミーのデータでテスト実行し、動作を確認・修正します
agent,16,B3,6,1.0,AIエージェントによる顧客支援文書作成の自動化演習①,オンボーディング案内文 / 活用提案メール / 解約希望への対応文 の一連工程を委任し、実行結果を検収・修正します
agent,16,B4,7,1.0,AIエージェントによる顧客支援の自動化演習②,顧客別ヘルスチェックレポート作成 / 活用事例記事の下書き を含む複数ステップの業務フローを連結し、自動実行・検収します
agent,16,B5,8,1.0,AIエージェントによる顧客支援総合演習,顧客支援の一連の業務フロー(受付→処理→出力→報告)を業務エージェントに委任し、実行・検収・修正までを通しで行います(マスキング済み又はダミーのデータを使用し、講師の添削・指導つき)
agent,16,C1,9,1.5,CS業務エージェントの整備,業務指示書・エージェント設定・運用手順・利用ルールを1式にまとめ、動作確認まで完了させます
agent,16,C2,10,0.5,業務エージェントの業務フロー配置,どの工程をAIエージェントに委任し、どこに人の確認ポイントを置くかをマッピングします
agent,16,D1,11,1.0,業務エージェントの運用・監督演習,実行結果の検収手順、想定外の出力・エラー時の停止と修正、業務指示書の改善(再指示・更新)の手順を演習形式で習得します
agent,16,D2,12,0.5,委任範囲と確認体制の策定演習,機密情報・実行権限・承認フローなど、自身の業務に即した委任ルールと確認体制を演習で作成します
agent,16,D3,13,0.5,実務組み込み計画の作成・講師フィードバック,業務エージェントを日次・週次業務のどの工程に組み込むかの計画をまとめ、講師が個別に添削・フィードバックします
agent,17,B0,1,0.5,販売営業職(店舗販売)業務のAIエージェント活用実演・要点解説,講師が本コースで扱う一連の業務工程をAIエージェントに委任し、実行から検収までを通しで実演します
agent,17,B11,2,0.5,店舗業務の工程分解・基礎,自動化する定型業務の選定と工程分解(入力→手順→出力→判断基準)。題材: 商品説明POP・プライスカード文言 など
agent,17,B12,3,1.0,店舗業務の業務指示書作成・実践,AIエージェントに委任するための業務指示書を作成 — 手順・判断基準・例外対応の言語化。題材: 顧客へのDM・LINE配信文 / 入荷案内 など
agent,17,B21,4,0.5,店舗業務エージェントの設定・基礎,作成した業務指示書と参照資料をAIエージェントに実装します(手順・ナレッジの登録)
agent,17,B22,5,0.5,店舗業務エージェントの設定・実践,マスキング済み又はダミーのデータでテスト実行し、動作を確認・修正します
agent,17,B3,6,1.0,AIエージェントによる店頭文書作成の自動化演習①,商品説明POP・プライスカード文言 / 顧客へのDM・LINE配信文 / 入荷案内 の一連工程を委任し、実行結果を検収・修正します
agent,17,B4,7,1.0,AIエージェントによる接客・売場の自動化演習②,客層別の接客トーク改善ロールプレイ / 季節催事の売場企画案 を含む複数ステップの業務フローを連結し、自動実行・検収します
agent,17,B5,8,1.0,AIエージェントによる接客・売場総合演習,接客・売場の一連の業務フロー(受付→処理→出力→報告)を業務エージェントに委任し、実行・検収・修正までを通しで行います(マスキング済み又はダミーのデータを使用し、講師の添削・指導つき)
agent,17,C1,9,1.5,店舗業務エージェントの整備,業務指示書・エージェント設定・運用手順・利用ルールを1式にまとめ、動作確認まで完了させます
agent,17,C2,10,0.5,業務エージェントの業務フロー配置,どの工程をAIエージェントに委任し、どこに人の確認ポイントを置くかをマッピングします
agent,17,D1,11,1.0,業務エージェントの運用・監督演習,実行結果の検収手順、想定外の出力・エラー時の停止と修正、業務指示書の改善(再指示・更新)の手順を演習形式で習得します
agent,17,D2,12,0.5,委任範囲と確認体制の策定演習,機密情報・実行権限・承認フローなど、自身の業務に即した委任ルールと確認体制を演習で作成します
agent,17,D3,13,0.5,実務組み込み計画の作成・講師フィードバック,業務エージェントを日次・週次業務のどの工程に組み込むかの計画をまとめ、講師が個別に添削・フィードバックします
agent,18,B0,1,0.5,不動産売買営業職業務のAIエージェント活用実演・要点解説,講師が本コースで扱う一連の業務工程をAIエージェントに委任し、実行から検収までを通しで実演します
agent,18,B11,2,0.5,売買営業の工程分解・基礎,自動化する定型業務の選定と工程分解(入力→手順→出力→判断基準)。題材: ポータル掲載用の物件紹介文 など
agent,18,B12,3,1.0,売買営業の業務指示書作成・実践,AIエージェントに委任するための業務指示書を作成 — 手順・判断基準・例外対応の言語化。題材: 査定報告書の説明文 / 追客メール など
agent,18,B21,4,0.5,売買営業エージェントの設定・基礎,作成した業務指示書と参照資料をAIエージェントに実装します(手順・ナレッジの登録)
agent,18,B22,5,0.5,売買営業エージェントの設定・実践,マスキング済み又はダミーのデータでテスト実行し、動作を確認・修正します
agent,18,B3,6,1.0,AIエージェントによる物件文書作成の自動化演習①,ポータル掲載用の物件紹介文 / 査定報告書の説明文 / 追客メール の一連工程を委任し、実行結果を検収・修正します
agent,18,B4,7,1.0,AIエージェントによる提案資料の自動化演習②,物件周辺環境のリサーチ→提案資料化 / 住宅ローンの一般的な説明資料作成 を含む複数ステップの業務フローを連結し、自動実行・検収します
agent,18,B5,8,1.0,AIエージェントによる提案資料総合演習,提案資料の一連の業務フロー(受付→処理→出力→報告)を業務エージェントに委任し、実行・検収・修正までを通しで行います(マスキング済み又はダミーのデータを使用し、講師の添削・指導つき)
agent,18,C1,9,1.5,売買営業業務エージェントの整備,業務指示書・エージェント設定・運用手順・利用ルールを1式にまとめ、動作確認まで完了させます
agent,18,C2,10,0.5,業務エージェントの業務フロー配置,どの工程をAIエージェントに委任し、どこに人の確認ポイントを置くかをマッピングします
agent,18,D1,11,1.0,業務エージェントの運用・監督演習,実行結果の検収手順、想定外の出力・エラー時の停止と修正、業務指示書の改善(再指示・更新)の手順を演習形式で習得します
agent,18,D2,12,0.5,委任範囲と確認体制の策定演習,機密情報・実行権限・承認フローなど、自身の業務に即した委任ルールと確認体制を演習で作成します
agent,18,D3,13,0.5,実務組み込み計画の作成・講師フィードバック,業務エージェントを日次・週次業務のどの工程に組み込むかの計画をまとめ、講師が個別に添削・フィードバックします
agent,19,B0,1,0.5,不動産賃貸営業・管理職業務のAIエージェント活用実演・要点解説,講師が本コースで扱う一連の業務工程をAIエージェントに委任し、実行から検収までを通しで実演します
agent,19,B11,2,0.5,管理業務の工程分解・基礎,自動化する定型業務の選定と工程分解(入力→手順→出力→判断基準)。題材: 空室物件の紹介文 など
agent,19,B12,3,1.0,管理業務の業務指示書作成・実践,AIエージェントに委任するための業務指示書を作成 — 手順・判断基準・例外対応の言語化。題材: 入居者への更新案内・注意喚起文 / オーナー向け報告書 など
agent,19,B21,4,0.5,管理業務エージェントの設定・基礎,作成した業務指示書と参照資料をAIエージェントに実装します(手順・ナレッジの登録)
agent,19,B22,5,0.5,管理業務エージェントの設定・実践,マスキング済み又はダミーのデータでテスト実行し、動作を確認・修正します
agent,19,B3,6,1.0,AIエージェントによる賃貸文書作成の自動化演習①,空室物件の紹介文 / 入居者への更新案内・注意喚起文 / オーナー向け報告書 の一連工程を委任し、実行結果を検収・修正します
agent,19,B4,7,1.0,AIエージェントによる空室対策の自動化演習②,空室対策の提案書(設備・賃料見直し) / 入居者対応の記録整理 を含む複数ステップの業務フローを連結し、自動実行・検収します
agent,19,B5,8,1.0,AIエージェントによる空室対策総合演習,空室対策の一連の業務フロー(受付→処理→出力→報告)を業務エージェントに委任し、実行・検収・修正までを通しで行います(マスキング済み又はダミーのデータを使用し、講師の添削・指導つき)
agent,19,C1,9,1.5,管理業務エージェントの整備,業務指示書・エージェント設定・運用手順・利用ルールを1式にまとめ、動作確認まで完了させます
agent,19,C2,10,0.5,業務エージェントの業務フロー配置,どの工程をAIエージェントに委任し、どこに人の確認ポイントを置くかをマッピングします
agent,19,D1,11,1.0,業務エージェントの運用・監督演習,実行結果の検収手順、想定外の出力・エラー時の停止と修正、業務指示書の改善(再指示・更新)の手順を演習形式で習得します
agent,19,D2,12,0.5,委任範囲と確認体制の策定演習,機密情報・実行権限・承認フローなど、自身の業務に即した委任ルールと確認体制を演習で作成します
agent,19,D3,13,0.5,実務組み込み計画の作成・講師フィードバック,業務エージェントを日次・週次業務のどの工程に組み込むかの計画をまとめ、講師が個別に添削・フィードバックします
agent,20,B0,1,0.5,住宅・リフォーム営業職業務のAIエージェント活用実演・要点解説,講師が本コースで扱う一連の業務工程をAIエージェントに委任し、実行から検収までを通しで実演します
agent,20,B11,2,0.5,営業プロセスの工程分解・基礎,自動化する定型業務の選定と工程分解(入力→手順→出力→判断基準)。題材: 現地調査後のお礼と提案予告メール など
agent,20,B12,3,1.0,営業プロセスの業務指示書作成・実践,AIエージェントに委任するための業務指示書を作成 — 手順・判断基準・例外対応の言語化。題材: 見積書の説明文書 / 施工事例紹介文 など
agent,20,B21,4,0.5,営業プロセスエージェントの設定・基礎,作成した業務指示書と参照資料をAIエージェントに実装します(手順・ナレッジの登録)
agent,20,B22,5,0.5,営業プロセスエージェントの設定・実践,マスキング済み又はダミーのデータでテスト実行し、動作を確認・修正します
agent,20,B3,6,1.0,AIエージェントによる提案文書作成の自動化演習①,現地調査後のお礼と提案予告メール / 見積書の説明文書 / 施工事例紹介文 の一連工程を委任し、実行結果を検収・修正します
agent,20,B4,7,1.0,AIエージェントによる受注促進の自動化演習②,施工事例のビフォーアフター記事化 / 補助金制度の調査と案内文(最新情報の要確認を注記) を含む複数ステップの業務フローを連結し、自動実行・検収します
agent,20,B5,8,1.0,AIエージェントによる受注促進総合演習,受注促進の一連の業務フロー(受付→処理→出力→報告)を業務エージェントに委任し、実行・検収・修正までを通しで行います(マスキング済み又はダミーのデータを使用し、講師の添削・指導つき)
agent,20,C1,9,1.5,営業プロセス業務エージェントの整備,業務指示書・エージェント設定・運用手順・利用ルールを1式にまとめ、動作確認まで完了させます
agent,20,C2,10,0.5,業務エージェントの業務フロー配置,どの工程をAIエージェントに委任し、どこに人の確認ポイントを置くかをマッピングします
agent,20,D1,11,1.0,業務エージェントの運用・監督演習,実行結果の検収手順、想定外の出力・エラー時の停止と修正、業務指示書の改善(再指示・更新)の手順を演習形式で習得します
agent,20,D2,12,0.5,委任範囲と確認体制の策定演習,機密情報・実行権限・承認フローなど、自身の業務に即した委任ルールと確認体制を演習で作成します
agent,20,D3,13,0.5,実務組み込み計画の作成・講師フィードバック,業務エージェントを日次・週次業務のどの工程に組み込むかの計画をまとめ、講師が個別に添削・フィードバックします
agent,21,B0,1,0.5,保険営業職業務のAIエージェント活用実演・要点解説,講師が本コースで扱う一連の業務工程をAIエージェントに委任し、実行から検収までを通しで実演します
agent,21,B11,2,0.5,面談の工程分解・基礎,自動化する定型業務の選定と工程分解(入力→手順→出力→判断基準)。題材: 面談アポメール など
agent,21,B12,3,1.0,面談の業務指示書作成・実践,AIエージェントに委任するための業務指示書を作成 — 手順・判断基準・例外対応の言語化。題材: 保障見直しの一般的な説明文書 / 契約後フォロー文 など
agent,21,B21,4,0.5,面談エージェントの設定・基礎,作成した業務指示書と参照資料をAIエージェントに実装します(手順・ナレッジの登録)
agent,21,B22,5,0.5,面談エージェントの設定・実践,マスキング済み又はダミーのデータでテスト実行し、動作を確認・修正します
agent,21,B3,6,1.0,AIエージェントによる顧客文書作成の自動化演習①,面談アポメール / 保障見直しの一般的な説明文書 / 契約後フォロー文 の一連工程を委任し、実行結果を検収・修正します
agent,21,B4,7,1.0,AIエージェントによる提案準備の自動化演習②,ライフイベント別の話法整理 / セミナー案内文と資料骨子 を含む複数ステップの業務フローを連結し、自動実行・検収します
agent,21,B5,8,1.0,AIエージェントによる提案準備総合演習,提案準備の一連の業務フロー(受付→処理→出力→報告)を業務エージェントに委任し、実行・検収・修正までを通しで行います(マスキング済み又はダミーのデータを使用し、講師の添削・指導つき)
agent,21,C1,9,1.5,面談業務エージェントの整備,業務指示書・エージェント設定・運用手順・利用ルールを1式にまとめ、動作確認まで完了させます
agent,21,C2,10,0.5,業務エージェントの業務フロー配置,どの工程をAIエージェントに委任し、どこに人の確認ポイントを置くかをマッピングします
agent,21,D1,11,1.0,業務エージェントの運用・監督演習,実行結果の検収手順、想定外の出力・エラー時の停止と修正、業務指示書の改善(再指示・更新)の手順を演習形式で習得します
agent,21,D2,12,0.5,委任範囲と確認体制の策定演習,機密情報・実行権限・承認フローなど、自身の業務に即した委任ルールと確認体制を演習で作成します
agent,21,D3,13,0.5,実務組み込み計画の作成・講師フィードバック,業務エージェントを日次・週次業務のどの工程に組み込むかの計画をまとめ、講師が個別に添削・フィードバックします
agent,22,B0,1,0.5,自動車販売営業職業務のAIエージェント活用実演・要点解説,講師が本コースで扱う一連の業務工程をAIエージェントに委任し、実行から検収までを通しで実演します
agent,22,B11,2,0.5,顧客接点の工程分解・基礎,自動化する定型業務の選定と工程分解(入力→手順→出力→判断基準)。題材: 来店お礼・車検 など
agent,22,B12,3,1.0,顧客接点の業務指示書作成・実践,AIエージェントに委任するための業務指示書を作成 — 手順・判断基準・例外対応の言語化。題材: 点検案内 / 下取り査定の説明文 / 納車案内 など
agent,22,B21,4,0.5,顧客接点エージェントの設定・基礎,作成した業務指示書と参照資料をAIエージェントに実装します(手順・ナレッジの登録)
agent,22,B22,5,0.5,顧客接点エージェントの設定・実践,マスキング済み又はダミーのデータでテスト実行し、動作を確認・修正します
agent,22,B3,6,1.0,AIエージェントによる販売文書作成の自動化演習①,来店お礼・車検 / 点検案内 / 下取り査定の説明文 / 納車案内 の一連工程を委任し、実行結果を検収・修正します
agent,22,B4,7,1.0,AIエージェントによる販売促進の自動化演習②,競合車種との比較説明資料 / 購入後フォローのシナリオ設計 を含む複数ステップの業務フローを連結し、自動実行・検収します
agent,22,B5,8,1.0,AIエージェントによる販売促進総合演習,販売促進の一連の業務フロー(受付→処理→出力→報告)を業務エージェントに委任し、実行・検収・修正までを通しで行います(マスキング済み又はダミーのデータを使用し、講師の添削・指導つき)
agent,22,C1,9,1.5,顧客接点業務エージェントの整備,業務指示書・エージェント設定・運用手順・利用ルールを1式にまとめ、動作確認まで完了させます
agent,22,C2,10,0.5,業務エージェントの業務フロー配置,どの工程をAIエージェントに委任し、どこに人の確認ポイントを置くかをマッピングします
agent,22,D1,11,1.0,業務エージェントの運用・監督演習,実行結果の検収手順、想定外の出力・エラー時の停止と修正、業務指示書の改善(再指示・更新)の手順を演習形式で習得します
agent,22,D2,12,0.5,委任範囲と確認体制の策定演習,機密情報・実行権限・承認フローなど、自身の業務に即した委任ルールと確認体制を演習で作成します
agent,22,D3,13,0.5,実務組み込み計画の作成・講師フィードバック,業務エージェントを日次・週次業務のどの工程に組み込むかの計画をまとめ、講師が個別に添削・フィードバックします
agent,23,B0,1,0.5,マーケティング職業務のAIエージェント活用実演・要点解説,講師が本コースで扱う一連の業務工程をAIエージェントに委任し、実行から検収までを通しで実演します
agent,23,B11,2,0.5,施策運用の工程分解・基礎,自動化する定型業務の選定と工程分解(入力→手順→出力→判断基準)。題材: 広告見出し・本文のバリエーション生成 など
agent,23,B12,3,1.0,施策運用の業務指示書作成・実践,AIエージェントに委任するための業務指示書を作成 — 手順・判断基準・例外対応の言語化。題材: LP構成案とセールスコピー など
agent,23,B21,4,0.5,施策運用エージェントの設定・基礎,作成した業務指示書と参照資料をAIエージェントに実装します(手順・ナレッジの登録)
agent,23,B22,5,0.5,施策運用エージェントの設定・実践,マスキング済み又はダミーのデータでテスト実行し、動作を確認・修正します
agent,23,B3,6,1.0,AIエージェントによる広告文書作成の自動化演習①,広告見出し・本文のバリエーション生成 / LP構成案とセールスコピー の一連工程を委任し、実行結果を検収・修正します
agent,23,B4,7,1.0,AIエージェントによる戦略立案の自動化演習②,競合3社の訴求分析 / ペルソナ・カスタマージャーニー設計 を含む複数ステップの業務フローを連結し、自動実行・検収します
agent,23,B5,8,1.0,AIエージェントによる戦略立案総合演習,戦略立案の一連の業務フロー(受付→処理→出力→報告)を業務エージェントに委任し、実行・検収・修正までを通しで行います(マスキング済み又はダミーのデータを使用し、講師の添削・指導つき)
agent,23,C1,9,1.5,施策運用業務エージェントの整備,業務指示書・エージェント設定・運用手順・利用ルールを1式にまとめ、動作確認まで完了させます
agent,23,C2,10,0.5,業務エージェントの業務フロー配置,どの工程をAIエージェントに委任し、どこに人の確認ポイントを置くかをマッピングします
agent,23,D1,11,1.0,業務エージェントの運用・監督演習,実行結果の検収手順、想定外の出力・エラー時の停止と修正、業務指示書の改善(再指示・更新)の手順を演習形式で習得します
agent,23,D2,12,0.5,委任範囲と確認体制の策定演習,機密情報・実行権限・承認フローなど、自身の業務に即した委任ルールと確認体制を演習で作成します
agent,23,D3,13,0.5,実務組み込み計画の作成・講師フィードバック,業務エージェントを日次・週次業務のどの工程に組み込むかの計画をまとめ、講師が個別に添削・フィードバックします
agent,24,B0,1,0.5,SNS運用職業務のAIエージェント活用実演・要点解説,講師が本コースで扱う一連の業務工程をAIエージェントに委任し、実行から検収までを通しで実演します
agent,24,B11,2,0.5,運用の工程分解・基礎,自動化する定型業務の選定と工程分解(入力→手順→出力→判断基準)。題材: 媒体別トーンでの投稿文量産 など
agent,24,B12,3,1.0,運用の業務指示書作成・実践,AIエージェントに委任するための業務指示書を作成 — 手順・判断基準・例外対応の言語化。題材: コメント返信文 / キャンペーン告知文 など
agent,24,B21,4,0.5,運用エージェントの設定・基礎,作成した業務指示書と参照資料をAIエージェントに実装します(手順・ナレッジの登録)
agent,24,B22,5,0.5,運用エージェントの設定・実践,マスキング済み又はダミーのデータでテスト実行し、動作を確認・修正します
agent,24,B3,6,1.0,AIエージェントによる投稿文作成の自動化演習①,媒体別トーンでの投稿文量産 / コメント返信文 / キャンペーン告知文 の一連工程を委任し、実行結果を検収・修正します
agent,24,B4,7,1.0,AIエージェントによる運用設計の自動化演習②,月間投稿カレンダー設計 / 炎上リスクチェックの観点整理 を含む複数ステップの業務フローを連結し、自動実行・検収します
agent,24,B5,8,1.0,AIエージェントによる運用設計総合演習,運用設計の一連の業務フロー(受付→処理→出力→報告)を業務エージェントに委任し、実行・検収・修正までを通しで行います(マスキング済み又はダミーのデータを使用し、講師の添削・指導つき)
agent,24,C1,9,1.5,運用業務エージェントの整備,業務指示書・エージェント設定・運用手順・利用ルールを1式にまとめ、動作確認まで完了させます
agent,24,C2,10,0.5,業務エージェントの業務フロー配置,どの工程をAIエージェントに委任し、どこに人の確認ポイントを置くかをマッピングします
agent,24,D1,11,1.0,業務エージェントの運用・監督演習,実行結果の検収手順、想定外の出力・エラー時の停止と修正、業務指示書の改善(再指示・更新)の手順を演習形式で習得します
agent,24,D2,12,0.5,委任範囲と確認体制の策定演習,機密情報・実行権限・承認フローなど、自身の業務に即した委任ルールと確認体制を演習で作成します
agent,24,D3,13,0.5,実務組み込み計画の作成・講師フィードバック,業務エージェントを日次・週次業務のどの工程に組み込むかの計画をまとめ、講師が個別に添削・フィードバックします
agent,25,B0,1,0.5,広報・PR職業務のAIエージェント活用実演・要点解説,講師が本コースで扱う一連の業務工程をAIエージェントに委任し、実行から検収までを通しで実演します
agent,25,B11,2,0.5,広報業務の工程分解・基礎,自動化する定型業務の選定と工程分解(入力→手順→出力→判断基準)。題材: プレスリリース作成 など
agent,25,B12,3,1.0,広報業務の業務指示書作成・実践,AIエージェントに委任するための業務指示書を作成 — 手順・判断基準・例外対応の言語化。題材: メディアへの売り込みメール / 社内報記事 など
agent,25,B21,4,0.5,広報業務エージェントの設定・基礎,作成した業務指示書と参照資料をAIエージェントに実装します(手順・ナレッジの登録)
agent,25,B22,5,0.5,広報業務エージェントの設定・実践,マスキング済み又はダミーのデータでテスト実行し、動作を確認・修正します
agent,25,B3,6,1.0,AIエージェントによる広報文書作成の自動化演習①,プレスリリース作成 / メディアへの売り込みメール / 社内報記事 の一連工程を委任し、実行結果を検収・修正します
agent,25,B4,7,1.0,AIエージェントによる広報戦略の自動化演習②,想定Q&A(危機管理含む)の整備 / 周年・受賞のストーリー記事化 を含む複数ステップの業務フローを連結し、自動実行・検収します
agent,25,B5,8,1.0,AIエージェントによる広報戦略総合演習,広報戦略の一連の業務フロー(受付→処理→出力→報告)を業務エージェントに委任し、実行・検収・修正までを通しで行います(マスキング済み又はダミーのデータを使用し、講師の添削・指導つき)
agent,25,C1,9,1.5,広報業務エージェントの整備,業務指示書・エージェント設定・運用手順・利用ルールを1式にまとめ、動作確認まで完了させます
agent,25,C2,10,0.5,業務エージェントの業務フロー配置,どの工程をAIエージェントに委任し、どこに人の確認ポイントを置くかをマッピングします
agent,25,D1,11,1.0,業務エージェントの運用・監督演習,実行結果の検収手順、想定外の出力・エラー時の停止と修正、業務指示書の改善(再指示・更新)の手順を演習形式で習得します
agent,25,D2,12,0.5,委任範囲と確認体制の策定演習,機密情報・実行権限・承認フローなど、自身の業務に即した委任ルールと確認体制を演習で作成します
agent,25,D3,13,0.5,実務組み込み計画の作成・講師フィードバック,業務エージェントを日次・週次業務のどの工程に組み込むかの計画をまとめ、講師が個別に添削・フィードバックします
agent,26,B0,1,0.5,ライター・編集職業務のAIエージェント活用実演・要点解説,講師が本コースで扱う一連の業務工程をAIエージェントに委任し、実行から検収までを通しで実演します
agent,26,B11,2,0.5,執筆の工程分解・基礎,自動化する定型業務の選定と工程分解(入力→手順→出力→判断基準)。題材: 記事構成案の生成と本文執筆補助 など
agent,26,B12,3,1.0,執筆の業務指示書作成・実践,AIエージェントに委任するための業務指示書を作成 — 手順・判断基準・例外対応の言語化。題材: タイトル・見出しのバリエーション出し など
agent,26,B21,4,0.5,執筆エージェントの設定・基礎,作成した業務指示書と参照資料をAIエージェントに実装します(手順・ナレッジの登録)
agent,26,B22,5,0.5,執筆エージェントの設定・実践,マスキング済み又はダミーのデータでテスト実行し、動作を確認・修正します
agent,26,B3,6,1.0,AIエージェントによる記事作成の自動化演習①,記事構成案の生成と本文執筆補助 / タイトル・見出しのバリエーション出し の一連工程を委任し、実行結果を検収・修正します
agent,26,B4,7,1.0,AIエージェントによる編集の自動化演習②,インタビュー文字起こし→記事化 / リライトによる品質改善演習 を含む複数ステップの業務フローを連結し、自動実行・検収します
agent,26,B5,8,1.0,AIエージェントによる編集総合演習,編集の一連の業務フロー(受付→処理→出力→報告)を業務エージェントに委任し、実行・検収・修正までを通しで行います(マスキング済み又はダミーのデータを使用し、講師の添削・指導つき)
agent,26,C1,9,1.5,執筆業務エージェントの整備,業務指示書・エージェント設定・運用手順・利用ルールを1式にまとめ、動作確認まで完了させます
agent,26,C2,10,0.5,業務エージェントの業務フロー配置,どの工程をAIエージェントに委任し、どこに人の確認ポイントを置くかをマッピングします
agent,26,D1,11,1.0,業務エージェントの運用・監督演習,実行結果の検収手順、想定外の出力・エラー時の停止と修正、業務指示書の改善(再指示・更新)の手順を演習形式で習得します
agent,26,D2,12,0.5,委任範囲と確認体制の策定演習,機密情報・実行権限・承認フローなど、自身の業務に即した委任ルールと確認体制を演習で作成します
agent,26,D3,13,0.5,実務組み込み計画の作成・講師フィードバック,業務エージェントを日次・週次業務のどの工程に組み込むかの計画をまとめ、講師が個別に添削・フィードバックします
agent,27,B0,1,0.5,Webデザイナー職業務のAIエージェント活用実演・要点解説,講師が本コースで扱う一連の業務工程をAIエージェントに委任し、実行から検収までを通しで実演します
agent,27,B11,2,0.5,制作進行の工程分解・基礎,自動化する定型業務の選定と工程分解(入力→手順→出力→判断基準)。題材: デザイン意図の説明文書 など
agent,27,B12,3,1.0,制作進行の業務指示書作成・実践,AIエージェントに委任するための業務指示書を作成 — 手順・判断基準・例外対応の言語化。題材: 修正指示への確認文 / 実績紹介文 など
agent,27,B21,4,0.5,制作進行エージェントの設定・基礎,作成した業務指示書と参照資料をAIエージェントに実装します(手順・ナレッジの登録)
agent,27,B22,5,0.5,制作進行エージェントの設定・実践,マスキング済み又はダミーのデータでテスト実行し、動作を確認・修正します
agent,27,B3,6,1.0,AIエージェントによる制作関連文書作成の自動化演習①,デザイン意図の説明文書 / 修正指示への確認文 / 実績紹介文 の一連工程を委任し、実行結果を検収・修正します
agent,27,B4,7,1.0,AIエージェントによる制作の自動化演習②,デザイン案のバリエーション出し(参考構図の言語化) / HTML・CSSコーディング補助 を含む複数ステップの業務フローを連結し、自動実行・検収します
agent,27,B5,8,1.0,AIエージェントによる制作総合演習,制作の一連の業務フロー(受付→処理→出力→報告)を業務エージェントに委任し、実行・検収・修正までを通しで行います(マスキング済み又はダミーのデータを使用し、講師の添削・指導つき)
agent,27,C1,9,1.5,制作進行業務エージェントの整備,業務指示書・エージェント設定・運用手順・利用ルールを1式にまとめ、動作確認まで完了させます
agent,27,C2,10,0.5,業務エージェントの業務フロー配置,どの工程をAIエージェントに委任し、どこに人の確認ポイントを置くかをマッピングします
agent,27,D1,11,1.0,業務エージェントの運用・監督演習,実行結果の検収手順、想定外の出力・エラー時の停止と修正、業務指示書の改善(再指示・更新)の手順を演習形式で習得します
agent,27,D2,12,0.5,委任範囲と確認体制の策定演習,機密情報・実行権限・承認フローなど、自身の業務に即した委任ルールと確認体制を演習で作成します
agent,27,D3,13,0.5,実務組み込み計画の作成・講師フィードバック,業務エージェントを日次・週次業務のどの工程に組み込むかの計画をまとめ、講師が個別に添削・フィードバックします
agent,28,B0,1,0.5,グラフィックデザイナー職業務のAIエージェント活用実演・要点解説,講師が本コースで扱う一連の業務工程をAIエージェントに委任し、実行から検収までを通しで実演します
agent,28,B11,2,0.5,制作の工程分解・基礎,自動化する定型業務の選定と工程分解(入力→手順→出力→判断基準)。題材: 制作物のコンセプト文 など
agent,28,B12,3,1.0,制作の業務指示書作成・実践,AIエージェントに委任するための業務指示書を作成 — 手順・判断基準・例外対応の言語化。題材: 印刷入稿の確認連絡文 など
agent,28,B21,4,0.5,制作エージェントの設定・基礎,作成した業務指示書と参照資料をAIエージェントに実装します(手順・ナレッジの登録)
agent,28,B22,5,0.5,制作エージェントの設定・実践,マスキング済み又はダミーのデータでテスト実行し、動作を確認・修正します
agent,28,B3,6,1.0,AIエージェントによる制作文書作成の自動化演習①,制作物のコンセプト文 / 印刷入稿の確認連絡文 の一連工程を委任し、実行結果を検収・修正します
agent,28,B4,7,1.0,AIエージェントによる企画制作の自動化演習②,チラシ・パンフのコピーと構成案出し / 過去制作物のアーカイブ整理 を含む複数ステップの業務フローを連結し、自動実行・検収します
agent,28,B5,8,1.0,AIエージェントによる企画制作総合演習,企画制作の一連の業務フロー(受付→処理→出力→報告)を業務エージェントに委任し、実行・検収・修正までを通しで行います(マスキング済み又はダミーのデータを使用し、講師の添削・指導つき)
agent,28,C1,9,1.5,制作業務エージェントの整備,業務指示書・エージェント設定・運用手順・利用ルールを1式にまとめ、動作確認まで完了させます
agent,28,C2,10,0.5,業務エージェントの業務フロー配置,どの工程をAIエージェントに委任し、どこに人の確認ポイントを置くかをマッピングします
agent,28,D1,11,1.0,業務エージェントの運用・監督演習,実行結果の検収手順、想定外の出力・エラー時の停止と修正、業務指示書の改善(再指示・更新)の手順を演習形式で習得します
agent,28,D2,12,0.5,委任範囲と確認体制の策定演習,機密情報・実行権限・承認フローなど、自身の業務に即した委任ルールと確認体制を演習で作成します
agent,28,D3,13,0.5,実務組み込み計画の作成・講師フィードバック,業務エージェントを日次・週次業務のどの工程に組み込むかの計画をまとめ、講師が個別に添削・フィードバックします
agent,29,B0,1,0.5,動画制作職業務のAIエージェント活用実演・要点解説,講師が本コースで扱う一連の業務工程をAIエージェントに委任し、実行から検収までを通しで実演します
agent,29,B11,2,0.5,制作の工程分解・基礎,自動化する定型業務の選定と工程分解(入力→手順→出力→判断基準)。題材: 企画書・構成台本の作成 など
agent,29,B12,3,1.0,制作の業務指示書作成・実践,AIエージェントに委任するための業務指示書を作成 — 手順・判断基準・例外対応の言語化。題材: テロップ・ナレーション原稿 など
agent,29,B21,4,0.5,制作エージェントの設定・基礎,作成した業務指示書と参照資料をAIエージェントに実装します(手順・ナレッジの登録)
agent,29,B22,5,0.5,制作エージェントの設定・実践,マスキング済み又はダミーのデータでテスト実行し、動作を確認・修正します
agent,29,B3,6,1.0,AIエージェントによる台本作成の自動化演習①,企画書・構成台本の作成 / テロップ・ナレーション原稿 の一連工程を委任し、実行結果を検収・修正します
agent,29,B4,7,1.0,AIエージェントによる編集企画の自動化演習②,尺別の再編集案(ロング→ショート展開) / サムネイル文言のABパターン を含む複数ステップの業務フローを連結し、自動実行・検収します
agent,29,B5,8,1.0,AIエージェントによる編集企画総合演習,編集企画の一連の業務フロー(受付→処理→出力→報告)を業務エージェントに委任し、実行・検収・修正までを通しで行います(マスキング済み又はダミーのデータを使用し、講師の添削・指導つき)
agent,29,C1,9,1.5,制作業務エージェントの整備,業務指示書・エージェント設定・運用手順・利用ルールを1式にまとめ、動作確認まで完了させます
agent,29,C2,10,0.5,業務エージェントの業務フロー配置,どの工程をAIエージェントに委任し、どこに人の確認ポイントを置くかをマッピングします
agent,29,D1,11,1.0,業務エージェントの運用・監督演習,実行結果の検収手順、想定外の出力・エラー時の停止と修正、業務指示書の改善(再指示・更新)の手順を演習形式で習得します
agent,29,D2,12,0.5,委任範囲と確認体制の策定演習,機密情報・実行権限・承認フローなど、自身の業務に即した委任ルールと確認体制を演習で作成します
agent,29,D3,13,0.5,実務組み込み計画の作成・講師フィードバック,業務エージェントを日次・週次業務のどの工程に組み込むかの計画をまとめ、講師が個別に添削・フィードバックします
agent,30,B0,1,0.5,EC運営職業務のAIエージェント活用実演・要点解説,講師が本コースで扱う一連の業務工程をAIエージェントに委任し、実行から検収までを通しで実演します
agent,30,B11,2,0.5,運営の工程分解・基礎,自動化する定型業務の選定と工程分解(入力→手順→出力→判断基準)。題材: 商品タイトル・説明文・スペック表の作成 など
agent,30,B12,3,1.0,運営の業務指示書作成・実践,AIエージェントに委任するための業務指示書を作成 — 手順・判断基準・例外対応の言語化。題材: レビュー返信文 など
agent,30,B21,4,0.5,運営エージェントの設定・基礎,作成した業務指示書と参照資料をAIエージェントに実装します(手順・ナレッジの登録)
agent,30,B22,5,0.5,運営エージェントの設定・実践,マスキング済み又はダミーのデータでテスト実行し、動作を確認・修正します
agent,30,B3,6,1.0,AIエージェントによる商品ページ作成の自動化演習①,商品タイトル・説明文・スペック表の作成 / レビュー返信文 の一連工程を委任し、実行結果を検収・修正します
agent,30,B4,7,1.0,AIエージェントによる販促企画の自動化演習②,モール規約の確認整理 / 季節イベントの販促計画案 を含む複数ステップの業務フローを連結し、自動実行・検収します
agent,30,B5,8,1.0,AIエージェントによる販促企画総合演習,販促企画の一連の業務フロー(受付→処理→出力→報告)を業務エージェントに委任し、実行・検収・修正までを通しで行います(マスキング済み又はダミーのデータを使用し、講師の添削・指導つき)
agent,30,C1,9,1.5,運営業務エージェントの整備,業務指示書・エージェント設定・運用手順・利用ルールを1式にまとめ、動作確認まで完了させます
agent,30,C2,10,0.5,業務エージェントの業務フロー配置,どの工程をAIエージェントに委任し、どこに人の確認ポイントを置くかをマッピングします
agent,30,D1,11,1.0,業務エージェントの運用・監督演習,実行結果の検収手順、想定外の出力・エラー時の停止と修正、業務指示書の改善(再指示・更新)の手順を演習形式で習得します
agent,30,D2,12,0.5,委任範囲と確認体制の策定演習,機密情報・実行権限・承認フローなど、自身の業務に即した委任ルールと確認体制を演習で作成します
agent,30,D3,13,0.5,実務組み込み計画の作成・講師フィードバック,業務エージェントを日次・週次業務のどの工程に組み込むかの計画をまとめ、講師が個別に添削・フィードバックします
agent,31,B0,1,0.5,介護職(入所施設)業務のAIエージェント活用実演・要点解説,講師が本コースで扱う一連の業務工程をAIエージェントに委任し、実行から検収までを通しで実演します
agent,31,B11,2,0.5,記録業務の工程分解・基礎,自動化する定型業務の選定と工程分解(入力→手順→出力→判断基準)。題材: 音声メモ→介護記録の整形 など
agent,31,B12,3,1.0,記録業務の業務指示書作成・実践,AIエージェントに委任するための業務指示書を作成 — 手順・判断基準・例外対応の言語化。題材: 申し送り事項の要約 / 家族への様子報告文 など
agent,31,B21,4,0.5,記録業務エージェントの設定・基礎,作成した業務指示書と参照資料をAIエージェントに実装します(手順・ナレッジの登録)
agent,31,B22,5,0.5,記録業務エージェントの設定・実践,マスキング済み又はダミーのデータでテスト実行し、動作を確認・修正します
agent,31,B3,6,1.0,AIエージェントによる介護記録作成の自動化演習①,音声メモ→介護記録の整形 / 申し送り事項の要約 / 家族への様子報告文 の一連工程を委任し、実行結果を検収・修正します
agent,31,B4,7,1.0,AIエージェントによるケア記録の自動化演習②,ケース記録から状態変化の時系列整理(職員会議準備) / 行事計画書作成 を含む複数ステップの業務フローを連結し、自動実行・検収します
agent,31,B5,8,1.0,AIエージェントによるケア記録総合演習,ケア記録の一連の業務フロー(受付→処理→出力→報告)を業務エージェントに委任し、実行・検収・修正までを通しで行います(マスキング済み又はダミーのデータを使用し、講師の添削・指導つき)
agent,31,C1,9,1.5,記録業務エージェントの整備,業務指示書・エージェント設定・運用手順・利用ルールを1式にまとめ、動作確認まで完了させます
agent,31,C2,10,0.5,業務エージェントの業務フロー配置,どの工程をAIエージェントに委任し、どこに人の確認ポイントを置くかをマッピングします
agent,31,D1,11,1.0,業務エージェントの運用・監督演習,実行結果の検収手順、想定外の出力・エラー時の停止と修正、業務指示書の改善(再指示・更新)の手順を演習形式で習得します
agent,31,D2,12,0.5,委任範囲と確認体制の策定演習,機密情報・実行権限・承認フローなど、自身の業務に即した委任ルールと確認体制を演習で作成します
agent,31,D3,13,0.5,実務組み込み計画の作成・講師フィードバック,業務エージェントを日次・週次業務のどの工程に組み込むかの計画をまとめ、講師が個別に添削・フィードバックします
agent,32,B0,1,0.5,介護職(通所・デイサービス)業務のAIエージェント活用実演・要点解説,講師が本コースで扱う一連の業務工程をAIエージェントに委任し、実行から検収までを通しで実演します
agent,32,B11,2,0.5,通所業務の工程分解・基礎,自動化する定型業務の選定と工程分解(入力→手順→出力→判断基準)。題材: 連絡帳記入の下書き など
agent,32,B12,3,1.0,通所業務の業務指示書作成・実践,AIエージェントに委任するための業務指示書を作成 — 手順・判断基準・例外対応の言語化。題材: 送迎時の家族への伝達メモ / 通所介護計画の説明文 など
agent,32,B21,4,0.5,通所業務エージェントの設定・基礎,作成した業務指示書と参照資料をAIエージェントに実装します(手順・ナレッジの登録)
agent,32,B22,5,0.5,通所業務エージェントの設定・実践,マスキング済み又はダミーのデータでテスト実行し、動作を確認・修正します
agent,32,B3,6,1.0,AIエージェントによる連絡文書作成の自動化演習①,連絡帳記入の下書き / 送迎時の家族への伝達メモ / 通所介護計画の説明文 の一連工程を委任し、実行結果を検収・修正します
agent,32,B4,7,1.0,AIエージェントによるプログラムの自動化演習②,機能訓練・レクの月間プログラム設計 / 担当者会議用の利用者状況まとめ を含む複数ステップの業務フローを連結し、自動実行・検収します
agent,32,B5,8,1.0,AIエージェントによるプログラム総合演習,プログラムの一連の業務フロー(受付→処理→出力→報告)を業務エージェントに委任し、実行・検収・修正までを通しで行います(マスキング済み又はダミーのデータを使用し、講師の添削・指導つき)
agent,32,C1,9,1.5,通所業務エージェントの整備,業務指示書・エージェント設定・運用手順・利用ルールを1式にまとめ、動作確認まで完了させます
agent,32,C2,10,0.5,業務エージェントの業務フロー配置,どの工程をAIエージェントに委任し、どこに人の確認ポイントを置くかをマッピングします
agent,32,D1,11,1.0,業務エージェントの運用・監督演習,実行結果の検収手順、想定外の出力・エラー時の停止と修正、業務指示書の改善(再指示・更新)の手順を演習形式で習得します
agent,32,D2,12,0.5,委任範囲と確認体制の策定演習,機密情報・実行権限・承認フローなど、自身の業務に即した委任ルールと確認体制を演習で作成します
agent,32,D3,13,0.5,実務組み込み計画の作成・講師フィードバック,業務エージェントを日次・週次業務のどの工程に組み込むかの計画をまとめ、講師が個別に添削・フィードバックします
agent,33,B0,1,0.5,訪問介護職業務のAIエージェント活用実演・要点解説,講師が本コースで扱う一連の業務工程をAIエージェントに委任し、実行から検収までを通しで実演します
agent,33,B11,2,0.5,訪問業務の工程分解・基礎,自動化する定型業務の選定と工程分解(入力→手順→出力→判断基準)。題材: サービス提供記録の効率化 など
agent,33,B12,3,1.0,訪問業務の業務指示書作成・実践,AIエージェントに委任するための業務指示書を作成 — 手順・判断基準・例外対応の言語化。題材: サービス提供責任者への報告文 / 家族への連絡文 など
agent,33,B21,4,0.5,訪問業務エージェントの設定・基礎,作成した業務指示書と参照資料をAIエージェントに実装します(手順・ナレッジの登録)
agent,33,B22,5,0.5,訪問業務エージェントの設定・実践,マスキング済み又はダミーのデータでテスト実行し、動作を確認・修正します
agent,33,B3,6,1.0,AIエージェントによる訪問記録作成の自動化演習①,サービス提供記録の効率化 / サービス提供責任者への報告文 / 家族への連絡文 の一連工程を委任し、実行結果を検収・修正します
agent,33,B4,7,1.0,AIエージェントによる連携の自動化演習②,ケアマネ向け状態変化報告書の作成 / 新規ヘルパー向け手順メモの文書化 を含む複数ステップの業務フローを連結し、自動実行・検収します
agent,33,B5,8,1.0,AIエージェントによる連携総合演習,連携の一連の業務フロー(受付→処理→出力→報告)を業務エージェントに委任し、実行・検収・修正までを通しで行います(マスキング済み又はダミーのデータを使用し、講師の添削・指導つき)
agent,33,C1,9,1.5,訪問業務エージェントの整備,業務指示書・エージェント設定・運用手順・利用ルールを1式にまとめ、動作確認まで完了させます
agent,33,C2,10,0.5,業務エージェントの業務フロー配置,どの工程をAIエージェントに委任し、どこに人の確認ポイントを置くかをマッピングします
agent,33,D1,11,1.0,業務エージェントの運用・監督演習,実行結果の検収手順、想定外の出力・エラー時の停止と修正、業務指示書の改善(再指示・更新)の手順を演習形式で習得します
agent,33,D2,12,0.5,委任範囲と確認体制の策定演習,機密情報・実行権限・承認フローなど、自身の業務に即した委任ルールと確認体制を演習で作成します
agent,33,D3,13,0.5,実務組み込み計画の作成・講師フィードバック,業務エージェントを日次・週次業務のどの工程に組み込むかの計画をまとめ、講師が個別に添削・フィードバックします
agent,34,B0,1,0.5,ケアマネジャー職業務のAIエージェント活用実演・要点解説,講師が本コースで扱う一連の業務工程をAIエージェントに委任し、実行から検収までを通しで実演します
agent,34,B11,2,0.5,ケアマネ業務の工程分解・基礎,自動化する定型業務の選定と工程分解(入力→手順→出力→判断基準)。題材: ケアプラン(第1〜2表)の文言下書き など
agent,34,B12,3,1.0,ケアマネ業務の業務指示書作成・実践,AIエージェントに委任するための業務指示書を作成 — 手順・判断基準・例外対応の言語化。題材: サービス担当者会議の照会文 / 給付管理の確認連絡 など
agent,34,B21,4,0.5,ケアマネ業務エージェントの設定・基礎,作成した業務指示書と参照資料をAIエージェントに実装します(手順・ナレッジの登録)
agent,34,B22,5,0.5,ケアマネ業務エージェントの設定・実践,マスキング済み又はダミーのデータでテスト実行し、動作を確認・修正します
agent,34,B3,6,1.0,AIエージェントによる計画文書作成の自動化演習①,ケアプラン(第1〜2表)の文言下書き / サービス担当者会議の照会文 / 給付管理の確認連絡 の一連工程を委任し、実行結果を検収・修正します
agent,34,B4,7,1.0,AIエージェントによるアセスメントの自動化演習②,アセスメント情報→課題整理表の下書き / 地域資源のリサーチ整理 を含む複数ステップの業務フローを連結し、自動実行・検収します
agent,34,B5,8,1.0,AIエージェントによるアセスメント総合演習,アセスメントの一連の業務フロー(受付→処理→出力→報告)を業務エージェントに委任し、実行・検収・修正までを通しで行います(マスキング済み又はダミーのデータを使用し、講師の添削・指導つき)
agent,34,C1,9,1.5,ケアマネ業務エージェントの整備,業務指示書・エージェント設定・運用手順・利用ルールを1式にまとめ、動作確認まで完了させます
agent,34,C2,10,0.5,業務エージェントの業務フロー配置,どの工程をAIエージェントに委任し、どこに人の確認ポイントを置くかをマッピングします
agent,34,D1,11,1.0,業務エージェントの運用・監督演習,実行結果の検収手順、想定外の出力・エラー時の停止と修正、業務指示書の改善(再指示・更新)の手順を演習形式で習得します
agent,34,D2,12,0.5,委任範囲と確認体制の策定演習,機密情報・実行権限・承認フローなど、自身の業務に即した委任ルールと確認体制を演習で作成します
agent,34,D3,13,0.5,実務組み込み計画の作成・講師フィードバック,業務エージェントを日次・週次業務のどの工程に組み込むかの計画をまとめ、講師が個別に添削・フィードバックします
agent,35,B0,1,0.5,生活支援員(障害福祉)業務のAIエージェント活用実演・要点解説,講師が本コースで扱う一連の業務工程をAIエージェントに委任し、実行から検収までを通しで実演します
agent,35,B11,2,0.5,支援業務の工程分解・基礎,自動化する定型業務の選定と工程分解(入力→手順→出力→判断基準)。題材: 支援記録の文書化 など
agent,35,B12,3,1.0,支援業務の業務指示書作成・実践,AIエージェントに委任するための業務指示書を作成 — 手順・判断基準・例外対応の言語化。題材: 個別支援計画書の下書き(Excelテンプレ活用) / 家族・相談支援事業所への連絡文 など
agent,35,B21,4,0.5,支援業務エージェントの設定・基礎,作成した業務指示書と参照資料をAIエージェントに実装します(手順・ナレッジの登録)
agent,35,B22,5,0.5,支援業務エージェントの設定・実践,マスキング済み又はダミーのデータでテスト実行し、動作を確認・修正します
agent,35,B3,6,1.0,AIエージェントによる支援記録作成の自動化演習①,支援記録の文書化 / 個別支援計画書の下書き(Excelテンプレ活用) / 家族・相談支援事業所への連絡文 の一連工程を委任し、実行結果を検収・修正します
agent,35,B4,7,1.0,AIエージェントによる計画・会議の自動化演習②,会議文字起こし→議事録と計画反映 / 既存支援手順の文書化・整備 を含む複数ステップの業務フローを連結し、自動実行・検収します
agent,35,B5,8,1.0,AIエージェントによる計画・会議総合演習,計画・会議の一連の業務フロー(受付→処理→出力→報告)を業務エージェントに委任し、実行・検収・修正までを通しで行います(マスキング済み又はダミーのデータを使用し、講師の添削・指導つき)
agent,35,C1,9,1.5,支援業務エージェントの整備,業務指示書・エージェント設定・運用手順・利用ルールを1式にまとめ、動作確認まで完了させます
agent,35,C2,10,0.5,業務エージェントの業務フロー配置,どの工程をAIエージェントに委任し、どこに人の確認ポイントを置くかをマッピングします
agent,35,D1,11,1.0,業務エージェントの運用・監督演習,実行結果の検収手順、想定外の出力・エラー時の停止と修正、業務指示書の改善(再指示・更新)の手順を演習形式で習得します
agent,35,D2,12,0.5,委任範囲と確認体制の策定演習,機密情報・実行権限・承認フローなど、自身の業務に即した委任ルールと確認体制を演習で作成します
agent,35,D3,13,0.5,実務組み込み計画の作成・講師フィードバック,業務エージェントを日次・週次業務のどの工程に組み込むかの計画をまとめ、講師が個別に添削・フィードバックします
agent,36,B0,1,0.5,児童指導員(放課後等デイサービス)業務のAIエージェント活用実演・要点解説,講師が本コースで扱う一連の業務工程をAIエージェントに委任し、実行から検収までを通しで実演します
agent,36,B11,2,0.5,療育業務の工程分解・基礎,自動化する定型業務の選定と工程分解(入力→手順→出力→判断基準)。題材: 連絡帳・活動報告の作成 など
agent,36,B12,3,1.0,療育業務の業務指示書作成・実践,AIエージェントに委任するための業務指示書を作成 — 手順・判断基準・例外対応の言語化。題材: 保護者へのお知らせ文 / 個別支援計画の文言下書き など
agent,36,B21,4,0.5,療育業務エージェントの設定・基礎,作成した業務指示書と参照資料をAIエージェントに実装します(手順・ナレッジの登録)
agent,36,B22,5,0.5,療育業務エージェントの設定・実践,マスキング済み又はダミーのデータでテスト実行し、動作を確認・修正します
agent,36,B3,6,1.0,AIエージェントによる報告文書作成の自動化演習①,連絡帳・活動報告の作成 / 保護者へのお知らせ文 / 個別支援計画の文言下書き の一連工程を委任し、実行結果を検収・修正します
agent,36,B4,7,1.0,AIエージェントによる療育企画の自動化演習②,療育プログラムの月間計画案 / 保護者面談の準備メモと記録 を含む複数ステップの業務フローを連結し、自動実行・検収します
agent,36,B5,8,1.0,AIエージェントによる療育企画総合演習,療育企画の一連の業務フロー(受付→処理→出力→報告)を業務エージェントに委任し、実行・検収・修正までを通しで行います(マスキング済み又はダミーのデータを使用し、講師の添削・指導つき)
agent,36,C1,9,1.5,療育業務エージェントの整備,業務指示書・エージェント設定・運用手順・利用ルールを1式にまとめ、動作確認まで完了させます
agent,36,C2,10,0.5,業務エージェントの業務フロー配置,どの工程をAIエージェントに委任し、どこに人の確認ポイントを置くかをマッピングします
agent,36,D1,11,1.0,業務エージェントの運用・監督演習,実行結果の検収手順、想定外の出力・エラー時の停止と修正、業務指示書の改善(再指示・更新)の手順を演習形式で習得します
agent,36,D2,12,0.5,委任範囲と確認体制の策定演習,機密情報・実行権限・承認フローなど、自身の業務に即した委任ルールと確認体制を演習で作成します
agent,36,D3,13,0.5,実務組み込み計画の作成・講師フィードバック,業務エージェントを日次・週次業務のどの工程に組み込むかの計画をまとめ、講師が個別に添削・フィードバックします
agent,37,B0,1,0.5,保育士職業務のAIエージェント活用実演・要点解説,講師が本コースで扱う一連の業務工程をAIエージェントに委任し、実行から検収までを通しで実演します
agent,37,B11,2,0.5,保育業務の工程分解・基礎,自動化する定型業務の選定と工程分解(入力→手順→出力→判断基準)。題材: 連絡帳・おたより・行事案内の作成 など
agent,37,B12,3,1.0,保育業務の業務指示書作成・実践,AIエージェントに委任するための業務指示書を作成 — 手順・判断基準・例外対応の言語化。題材: 活動ドキュメンテーションの文章化 など
agent,37,B21,4,0.5,保育業務エージェントの設定・基礎,作成した業務指示書と参照資料をAIエージェントに実装します(手順・ナレッジの登録)
agent,37,B22,5,0.5,保育業務エージェントの設定・実践,マスキング済み又はダミーのデータでテスト実行し、動作を確認・修正します
agent,37,B3,6,1.0,AIエージェントによる保育文書作成の自動化演習①,連絡帳・おたより・行事案内の作成 / 活動ドキュメンテーションの文章化 の一連工程を委任し、実行結果を検収・修正します
agent,37,B4,7,1.0,AIエージェントによる園務の自動化演習②,保護者対応の記録整理 / ヒヤリハットの分類と園内共有資料作成 を含む複数ステップの業務フローを連結し、自動実行・検収します
agent,37,B5,8,1.0,AIエージェントによる園務総合演習,園務の一連の業務フロー(受付→処理→出力→報告)を業務エージェントに委任し、実行・検収・修正までを通しで行います(マスキング済み又はダミーのデータを使用し、講師の添削・指導つき)
agent,37,C1,9,1.5,保育業務エージェントの整備,業務指示書・エージェント設定・運用手順・利用ルールを1式にまとめ、動作確認まで完了させます
agent,37,C2,10,0.5,業務エージェントの業務フロー配置,どの工程をAIエージェントに委任し、どこに人の確認ポイントを置くかをマッピングします
agent,37,D1,11,1.0,業務エージェントの運用・監督演習,実行結果の検収手順、想定外の出力・エラー時の停止と修正、業務指示書の改善(再指示・更新)の手順を演習形式で習得します
agent,37,D2,12,0.5,委任範囲と確認体制の策定演習,機密情報・実行権限・承認フローなど、自身の業務に即した委任ルールと確認体制を演習で作成します
agent,37,D3,13,0.5,実務組み込み計画の作成・講師フィードバック,業務エージェントを日次・週次業務のどの工程に組み込むかの計画をまとめ、講師が個別に添削・フィードバックします
agent,38,B0,1,0.5,医療事務職業務のAIエージェント活用実演・要点解説,講師が本コースで扱う一連の業務工程をAIエージェントに委任し、実行から検収までを通しで実演します
agent,38,B11,2,0.5,受付業務の工程分解・基礎,自動化する定型業務の選定と工程分解(入力→手順→出力→判断基準)。題材: 検査前説明・持ち物案内文 など
agent,38,B12,3,1.0,受付業務の業務指示書作成・実践,AIエージェントに委任するための業務指示書を作成 — 手順・判断基準・例外対応の言語化。題材: 予約変更対応メール / 未収金のご案内文 など
agent,38,B21,4,0.5,受付業務エージェントの設定・基礎,作成した業務指示書と参照資料をAIエージェントに実装します(手順・ナレッジの登録)
agent,38,B22,5,0.5,受付業務エージェントの設定・実践,マスキング済み又はダミーのデータでテスト実行し、動作を確認・修正します
agent,38,B3,6,1.0,AIエージェントによる患者案内文書作成の自動化演習①,検査前説明・持ち物案内文 / 予約変更対応メール / 未収金のご案内文 の一連工程を委任し、実行結果を検収・修正します
agent,38,B4,7,1.0,AIエージェントによる院内広報の自動化演習②,院内掲示物・HPのお知らせ文 / 電話対応FAQの整備 を含む複数ステップの業務フローを連結し、自動実行・検収します
agent,38,B5,8,1.0,AIエージェントによる院内広報総合演習,院内広報の一連の業務フロー(受付→処理→出力→報告)を業務エージェントに委任し、実行・検収・修正までを通しで行います(マスキング済み又はダミーのデータを使用し、講師の添削・指導つき)
agent,38,C1,9,1.5,受付業務エージェントの整備,業務指示書・エージェント設定・運用手順・利用ルールを1式にまとめ、動作確認まで完了させます
agent,38,C2,10,0.5,業務エージェントの業務フロー配置,どの工程をAIエージェントに委任し、どこに人の確認ポイントを置くかをマッピングします
agent,38,D1,11,1.0,業務エージェントの運用・監督演習,実行結果の検収手順、想定外の出力・エラー時の停止と修正、業務指示書の改善(再指示・更新)の手順を演習形式で習得します
agent,38,D2,12,0.5,委任範囲と確認体制の策定演習,機密情報・実行権限・承認フローなど、自身の業務に即した委任ルールと確認体制を演習で作成します
agent,38,D3,13,0.5,実務組み込み計画の作成・講師フィードバック,業務エージェントを日次・週次業務のどの工程に組み込むかの計画をまとめ、講師が個別に添削・フィードバックします
agent,39,B0,1,0.5,歯科受付・助手職業務のAIエージェント活用実演・要点解説,講師が本コースで扱う一連の業務工程をAIエージェントに委任し、実行から検収までを通しで実演します
agent,39,B11,2,0.5,受付業務の工程分解・基礎,自動化する定型業務の選定と工程分解(入力→手順→出力→判断基準)。題材: リコール(定期検診)案内文 など
agent,39,B12,3,1.0,受付業務の業務指示書作成・実践,AIエージェントに委任するための業務指示書を作成 — 手順・判断基準・例外対応の言語化。題材: キャンセル対応と再予約文 / 治療の流れ説明資料の文言 など
agent,39,B21,4,0.5,受付業務エージェントの設定・基礎,作成した業務指示書と参照資料をAIエージェントに実装します(手順・ナレッジの登録)
agent,39,B22,5,0.5,受付業務エージェントの設定・実践,マスキング済み又はダミーのデータでテスト実行し、動作を確認・修正します
agent,39,B3,6,1.0,AIエージェントによる患者連絡文作成の自動化演習①,リコール(定期検診)案内文 / キャンセル対応と再予約文 / 治療の流れ説明資料の文言 の一連工程を委任し、実行結果を検収・修正します
agent,39,B4,7,1.0,AIエージェントによる医院運営の自動化演習②,口コミ返信文 / 院内新人マニュアルの文書化 を含む複数ステップの業務フローを連結し、自動実行・検収します
agent,39,B5,8,1.0,AIエージェントによる医院運営総合演習,医院運営の一連の業務フロー(受付→処理→出力→報告)を業務エージェントに委任し、実行・検収・修正までを通しで行います(マスキング済み又はダミーのデータを使用し、講師の添削・指導つき)
agent,39,C1,9,1.5,受付業務エージェントの整備,業務指示書・エージェント設定・運用手順・利用ルールを1式にまとめ、動作確認まで完了させます
agent,39,C2,10,0.5,業務エージェントの業務フロー配置,どの工程をAIエージェントに委任し、どこに人の確認ポイントを置くかをマッピングします
agent,39,D1,11,1.0,業務エージェントの運用・監督演習,実行結果の検収手順、想定外の出力・エラー時の停止と修正、業務指示書の改善(再指示・更新)の手順を演習形式で習得します
agent,39,D2,12,0.5,委任範囲と確認体制の策定演習,機密情報・実行権限・承認フローなど、自身の業務に即した委任ルールと確認体制を演習で作成します
agent,39,D3,13,0.5,実務組み込み計画の作成・講師フィードバック,業務エージェントを日次・週次業務のどの工程に組み込むかの計画をまとめ、講師が個別に添削・フィードバックします
agent,40,B0,1,0.5,看護職(外来・クリニック)業務のAIエージェント活用実演・要点解説,講師が本コースで扱う一連の業務工程をAIエージェントに委任し、実行から検収までを通しで実演します
agent,40,B11,2,0.5,記録業務の工程分解・基礎,自動化する定型業務の選定と工程分解(入力→手順→出力→判断基準)。題材: 看護記録の文章整形 など
agent,40,B12,3,1.0,記録業務の業務指示書作成・実践,AIエージェントに委任するための業務指示書を作成 — 手順・判断基準・例外対応の言語化。題材: 医師の指示内容にもとづく生活指導文書の作成 / 情報提供書の下書き など
agent,40,B21,4,0.5,記録業務エージェントの設定・基礎,作成した業務指示書と参照資料をAIエージェントに実装します(手順・ナレッジの登録)
agent,40,B22,5,0.5,記録業務エージェントの設定・実践,マスキング済み又はダミーのデータでテスト実行し、動作を確認・修正します
agent,40,B3,6,1.0,AIエージェントによる看護文書作成の自動化演習①,看護記録の文章整形 / 医師の指示内容にもとづく生活指導文書の作成 / 情報提供書の下書き の一連工程を委任し、実行結果を検収・修正します
agent,40,B4,7,1.0,AIエージェントによる院内整備の自動化演習②,院内マニュアル(感染対策・器材管理)の文書更新 / 勉強会資料の骨子作成 を含む複数ステップの業務フローを連結し、自動実行・検収します
agent,40,B5,8,1.0,AIエージェントによる院内整備総合演習,院内整備の一連の業務フロー(受付→処理→出力→報告)を業務エージェントに委任し、実行・検収・修正までを通しで行います(マスキング済み又はダミーのデータを使用し、講師の添削・指導つき)
agent,40,C1,9,1.5,記録業務エージェントの整備,業務指示書・エージェント設定・運用手順・利用ルールを1式にまとめ、動作確認まで完了させます
agent,40,C2,10,0.5,業務エージェントの業務フロー配置,どの工程をAIエージェントに委任し、どこに人の確認ポイントを置くかをマッピングします
agent,40,D1,11,1.0,業務エージェントの運用・監督演習,実行結果の検収手順、想定外の出力・エラー時の停止と修正、業務指示書の改善(再指示・更新)の手順を演習形式で習得します
agent,40,D2,12,0.5,委任範囲と確認体制の策定演習,機密情報・実行権限・承認フローなど、自身の業務に即した委任ルールと確認体制を演習で作成します
agent,40,D3,13,0.5,実務組み込み計画の作成・講師フィードバック,業務エージェントを日次・週次業務のどの工程に組み込むかの計画をまとめ、講師が個別に添削・フィードバックします
agent,41,B0,1,0.5,生産管理職業務のAIエージェント活用実演・要点解説,講師が本コースで扱う一連の業務工程をAIエージェントに委任し、実行から検収までを通しで実演します
agent,41,B11,2,0.5,生産管理の工程分解・基礎,自動化する定型業務の選定と工程分解(入力→手順→出力→判断基準)。題材: 生産計画変更の連絡文 など
agent,41,B12,3,1.0,生産管理の業務指示書作成・実践,AIエージェントに委任するための業務指示書を作成 — 手順・判断基準・例外対応の言語化。題材: 納期回答 / 協力工場への依頼文 など
agent,41,B21,4,0.5,生産管理エージェントの設定・基礎,作成した業務指示書と参照資料をAIエージェントに実装します(手順・ナレッジの登録)
agent,41,B22,5,0.5,生産管理エージェントの設定・実践,マスキング済み又はダミーのデータでテスト実行し、動作を確認・修正します
agent,41,B3,6,1.0,AIエージェントによる生産文書作成の自動化演習①,生産計画変更の連絡文 / 納期回答 / 協力工場への依頼文 の一連工程を委任し、実行結果を検収・修正します
agent,41,B4,7,1.0,AIエージェントによる計画改善の自動化演習②,ボトルネック分析の報告書 / 条件変更による生産計画の比較シミュレーション を含む複数ステップの業務フローを連結し、自動実行・検収します
agent,41,B5,8,1.0,AIエージェントによる計画改善総合演習,計画改善の一連の業務フロー(受付→処理→出力→報告)を業務エージェントに委任し、実行・検収・修正までを通しで行います(マスキング済み又はダミーのデータを使用し、講師の添削・指導つき)
agent,41,C1,9,1.5,生産管理業務エージェントの整備,業務指示書・エージェント設定・運用手順・利用ルールを1式にまとめ、動作確認まで完了させます
agent,41,C2,10,0.5,業務エージェントの業務フロー配置,どの工程をAIエージェントに委任し、どこに人の確認ポイントを置くかをマッピングします
agent,41,D1,11,1.0,業務エージェントの運用・監督演習,実行結果の検収手順、想定外の出力・エラー時の停止と修正、業務指示書の改善(再指示・更新)の手順を演習形式で習得します
agent,41,D2,12,0.5,委任範囲と確認体制の策定演習,機密情報・実行権限・承認フローなど、自身の業務に即した委任ルールと確認体制を演習で作成します
agent,41,D3,13,0.5,実務組み込み計画の作成・講師フィードバック,業務エージェントを日次・週次業務のどの工程に組み込むかの計画をまとめ、講師が個別に添削・フィードバックします
agent,42,B0,1,0.5,品質管理職業務のAIエージェント活用実演・要点解説,講師が本コースで扱う一連の業務工程をAIエージェントに委任し、実行から検収までを通しで実演します
agent,42,B11,2,0.5,品質業務の工程分解・基礎,自動化する定型業務の選定と工程分解(入力→手順→出力→判断基準)。題材: 不適合報告書・是正処置報告書の作成 など
agent,42,B12,3,1.0,品質業務の業務指示書作成・実践,AIエージェントに委任するための業務指示書を作成 — 手順・判断基準・例外対応の言語化。題材: 顧客への品質回答書 など
agent,42,B21,4,0.5,品質業務エージェントの設定・基礎,作成した業務指示書と参照資料をAIエージェントに実装します(手順・ナレッジの登録)
agent,42,B22,5,0.5,品質業務エージェントの設定・実践,マスキング済み又はダミーのデータでテスト実行し、動作を確認・修正します
agent,42,B3,6,1.0,AIエージェントによる品質文書作成の自動化演習①,不適合報告書・是正処置報告書の作成 / 顧客への品質回答書 の一連工程を委任し、実行結果を検収・修正します
agent,42,B4,7,1.0,AIエージェントによる原因分析の自動化演習②,なぜなぜ分析の壁打ちと報告書化 / 検査基準書の文書整備 を含む複数ステップの業務フローを連結し、自動実行・検収します
agent,42,B5,8,1.0,AIエージェントによる原因分析総合演習,原因分析の一連の業務フロー(受付→処理→出力→報告)を業務エージェントに委任し、実行・検収・修正までを通しで行います(マスキング済み又はダミーのデータを使用し、講師の添削・指導つき)
agent,42,C1,9,1.5,品質業務エージェントの整備,業務指示書・エージェント設定・運用手順・利用ルールを1式にまとめ、動作確認まで完了させます
agent,42,C2,10,0.5,業務エージェントの業務フロー配置,どの工程をAIエージェントに委任し、どこに人の確認ポイントを置くかをマッピングします
agent,42,D1,11,1.0,業務エージェントの運用・監督演習,実行結果の検収手順、想定外の出力・エラー時の停止と修正、業務指示書の改善(再指示・更新)の手順を演習形式で習得します
agent,42,D2,12,0.5,委任範囲と確認体制の策定演習,機密情報・実行権限・承認フローなど、自身の業務に即した委任ルールと確認体制を演習で作成します
agent,42,D3,13,0.5,実務組み込み計画の作成・講師フィードバック,業務エージェントを日次・週次業務のどの工程に組み込むかの計画をまとめ、講師が個別に添削・フィードバックします
agent,43,B0,1,0.5,製造リーダー・班長職業務のAIエージェント活用実演・要点解説,講師が本コースで扱う一連の業務工程をAIエージェントに委任し、実行から検収までを通しで実演します
agent,43,B11,2,0.5,現場管理の工程分解・基礎,自動化する定型業務の選定と工程分解(入力→手順→出力→判断基準)。題材: 作業日報の整形 など
agent,43,B12,3,1.0,現場管理の業務指示書作成・実践,AIエージェントに委任するための業務指示書を作成 — 手順・判断基準・例外対応の言語化。題材: 朝礼連絡事項の整理 / 安全注意喚起文 など
agent,43,B21,4,0.5,現場管理エージェントの設定・基礎,作成した業務指示書と参照資料をAIエージェントに実装します(手順・ナレッジの登録)
agent,43,B22,5,0.5,現場管理エージェントの設定・実践,マスキング済み又はダミーのデータでテスト実行し、動作を確認・修正します
agent,43,B3,6,1.0,AIエージェントによる現場文書作成の自動化演習①,作業日報の整形 / 朝礼連絡事項の整理 / 安全注意喚起文 の一連工程を委任し、実行結果を検収・修正します
agent,43,B4,7,1.0,AIエージェントによる技能伝承の自動化演習②,作業説明の文字起こし→作業手順書化 / 新人OJT計画の作成 を含む複数ステップの業務フローを連結し、自動実行・検収します
agent,43,B5,8,1.0,AIエージェントによる技能伝承総合演習,技能伝承の一連の業務フロー(受付→処理→出力→報告)を業務エージェントに委任し、実行・検収・修正までを通しで行います(マスキング済み又はダミーのデータを使用し、講師の添削・指導つき)
agent,43,C1,9,1.5,現場管理業務エージェントの整備,業務指示書・エージェント設定・運用手順・利用ルールを1式にまとめ、動作確認まで完了させます
agent,43,C2,10,0.5,業務エージェントの業務フロー配置,どの工程をAIエージェントに委任し、どこに人の確認ポイントを置くかをマッピングします
agent,43,D1,11,1.0,業務エージェントの運用・監督演習,実行結果の検収手順、想定外の出力・エラー時の停止と修正、業務指示書の改善(再指示・更新)の手順を演習形式で習得します
agent,43,D2,12,0.5,委任範囲と確認体制の策定演習,機密情報・実行権限・承認フローなど、自身の業務に即した委任ルールと確認体制を演習で作成します
agent,43,D3,13,0.5,実務組み込み計画の作成・講師フィードバック,業務エージェントを日次・週次業務のどの工程に組み込むかの計画をまとめ、講師が個別に添削・フィードバックします
agent,44,B0,1,0.5,物流・倉庫管理職業務のAIエージェント活用実演・要点解説,講師が本コースで扱う一連の業務工程をAIエージェントに委任し、実行から検収までを通しで実演します
agent,44,B11,2,0.5,物流業務の工程分解・基礎,自動化する定型業務の選定と工程分解(入力→手順→出力→判断基準)。題材: 入出荷案内・遅延連絡文 など
agent,44,B12,3,1.0,物流業務の業務指示書作成・実践,AIエージェントに委任するための業務指示書を作成 — 手順・判断基準・例外対応の言語化。題材: 誤出荷報告書 / 庫内掲示物 など
agent,44,B21,4,0.5,物流業務エージェントの設定・基礎,作成した業務指示書と参照資料をAIエージェントに実装します(手順・ナレッジの登録)
agent,44,B22,5,0.5,物流業務エージェントの設定・実践,マスキング済み又はダミーのデータでテスト実行し、動作を確認・修正します
agent,44,B3,6,1.0,AIエージェントによる物流文書作成の自動化演習①,入出荷案内・遅延連絡文 / 誤出荷報告書 / 庫内掲示物 の一連工程を委任し、実行結果を検収・修正します
agent,44,B4,7,1.0,AIエージェントによる庫内改善の自動化演習②,繁閑波動に対応したシフト計画案 / 庫内作業マニュアルの文書化 を含む複数ステップの業務フローを連結し、自動実行・検収します
agent,44,B5,8,1.0,AIエージェントによる庫内改善総合演習,庫内改善の一連の業務フロー(受付→処理→出力→報告)を業務エージェントに委任し、実行・検収・修正までを通しで行います(マスキング済み又はダミーのデータを使用し、講師の添削・指導つき)
agent,44,C1,9,1.5,物流業務エージェントの整備,業務指示書・エージェント設定・運用手順・利用ルールを1式にまとめ、動作確認まで完了させます
agent,44,C2,10,0.5,業務エージェントの業務フロー配置,どの工程をAIエージェントに委任し、どこに人の確認ポイントを置くかをマッピングします
agent,44,D1,11,1.0,業務エージェントの運用・監督演習,実行結果の検収手順、想定外の出力・エラー時の停止と修正、業務指示書の改善(再指示・更新)の手順を演習形式で習得します
agent,44,D2,12,0.5,委任範囲と確認体制の策定演習,機密情報・実行権限・承認フローなど、自身の業務に即した委任ルールと確認体制を演習で作成します
agent,44,D3,13,0.5,実務組み込み計画の作成・講師フィードバック,業務エージェントを日次・週次業務のどの工程に組み込むかの計画をまとめ、講師が個別に添削・フィードバックします
agent,45,B0,1,0.5,ドライバー・配車管理職業務のAIエージェント活用実演・要点解説,講師が本コースで扱う一連の業務工程をAIエージェントに委任し、実行から検収までを通しで実演します
agent,45,B11,2,0.5,運行管理の工程分解・基礎,自動化する定型業務の選定と工程分解(入力→手順→出力→判断基準)。題材: 配送日報 など
agent,45,B12,3,1.0,運行管理の業務指示書作成・実践,AIエージェントに委任するための業務指示書を作成 — 手順・判断基準・例外対応の言語化。題材: 顧客への到着時間連絡文 / 事故・ヒヤリハット報告書 など
agent,45,B21,4,0.5,運行管理エージェントの設定・基礎,作成した業務指示書と参照資料をAIエージェントに実装します(手順・ナレッジの登録)
agent,45,B22,5,0.5,運行管理エージェントの設定・実践,マスキング済み又はダミーのデータでテスト実行し、動作を確認・修正します
agent,45,B3,6,1.0,AIエージェントによる運行文書作成の自動化演習①,配送日報 / 顧客への到着時間連絡文 / 事故・ヒヤリハット報告書 の一連工程を委任し、実行結果を検収・修正します
agent,45,B4,7,1.0,AIエージェントによる運行改善の自動化演習②,配送ルートの検討補助 / 安全会議資料の作成 を含む複数ステップの業務フローを連結し、自動実行・検収します
agent,45,B5,8,1.0,AIエージェントによる運行改善総合演習,運行改善の一連の業務フロー(受付→処理→出力→報告)を業務エージェントに委任し、実行・検収・修正までを通しで行います(マスキング済み又はダミーのデータを使用し、講師の添削・指導つき)
agent,45,C1,9,1.5,運行管理業務エージェントの整備,業務指示書・エージェント設定・運用手順・利用ルールを1式にまとめ、動作確認まで完了させます
agent,45,C2,10,0.5,業務エージェントの業務フロー配置,どの工程をAIエージェントに委任し、どこに人の確認ポイントを置くかをマッピングします
agent,45,D1,11,1.0,業務エージェントの運用・監督演習,実行結果の検収手順、想定外の出力・エラー時の停止と修正、業務指示書の改善(再指示・更新)の手順を演習形式で習得します
agent,45,D2,12,0.5,委任範囲と確認体制の策定演習,機密情報・実行権限・承認フローなど、自身の業務に即した委任ルールと確認体制を演習で作成します
agent,45,D3,13,0.5,実務組み込み計画の作成・講師フィードバック,業務エージェントを日次・週次業務のどの工程に組み込むかの計画をまとめ、講師が個別に添削・フィードバックします
agent,46,B0,1,0.5,施工管理職業務のAIエージェント活用実演・要点解説,講師が本コースで扱う一連の業務工程をAIエージェントに委任し、実行から検収までを通しで実演します
agent,46,B11,2,0.5,施工管理の工程分解・基礎,自動化する定型業務の選定と工程分解(入力→手順→出力→判断基準)。題材: 工事打合せ議事録 など
agent,46,B12,3,1.0,施工管理の業務指示書作成・実践,AIエージェントに委任するための業務指示書を作成 — 手順・判断基準・例外対応の言語化。題材: 近隣挨拶文 / 協力会社への指示書 など
agent,46,B21,4,0.5,施工管理エージェントの設定・基礎,作成した業務指示書と参照資料をAIエージェントに実装します(手順・ナレッジの登録)
agent,46,B22,5,0.5,施工管理エージェントの設定・実践,マスキング済み又はダミーのデータでテスト実行し、動作を確認・修正します
agent,46,B3,6,1.0,AIエージェントによる工事文書作成の自動化演習①,工事打合せ議事録 / 近隣挨拶文 / 協力会社への指示書 の一連工程を委任し、実行結果を検収・修正します
agent,46,B4,7,1.0,AIエージェントによる現場運営の自動化演習②,安全書類(KY活動記録等)の作成効率化 / 施主への進捗報告書 を含む複数ステップの業務フローを連結し、自動実行・検収します
agent,46,B5,8,1.0,AIエージェントによる現場運営総合演習,現場運営の一連の業務フロー(受付→処理→出力→報告)を業務エージェントに委任し、実行・検収・修正までを通しで行います(マスキング済み又はダミーのデータを使用し、講師の添削・指導つき)
agent,46,C1,9,1.5,施工管理業務エージェントの整備,業務指示書・エージェント設定・運用手順・利用ルールを1式にまとめ、動作確認まで完了させます
agent,46,C2,10,0.5,業務エージェントの業務フロー配置,どの工程をAIエージェントに委任し、どこに人の確認ポイントを置くかをマッピングします
agent,46,D1,11,1.0,業務エージェントの運用・監督演習,実行結果の検収手順、想定外の出力・エラー時の停止と修正、業務指示書の改善(再指示・更新)の手順を演習形式で習得します
agent,46,D2,12,0.5,委任範囲と確認体制の策定演習,機密情報・実行権限・承認フローなど、自身の業務に即した委任ルールと確認体制を演習で作成します
agent,46,D3,13,0.5,実務組み込み計画の作成・講師フィードバック,業務エージェントを日次・週次業務のどの工程に組み込むかの計画をまとめ、講師が個別に添削・フィードバックします
agent,47,B0,1,0.5,設備保守職業務のAIエージェント活用実演・要点解説,講師が本コースで扱う一連の業務工程をAIエージェントに委任し、実行から検収までを通しで実演します
agent,47,B11,2,0.5,保守業務の工程分解・基礎,自動化する定型業務の選定と工程分解(入力→手順→出力→判断基準)。題材: 点検報告書の作成 など
agent,47,B12,3,1.0,保守業務の業務指示書作成・実践,AIエージェントに委任するための業務指示書を作成 — 手順・判断基準・例外対応の言語化。題材: 故障対応の顧客説明文 / 部品手配依頼 など
agent,47,B21,4,0.5,保守業務エージェントの設定・基礎,作成した業務指示書と参照資料をAIエージェントに実装します(手順・ナレッジの登録)
agent,47,B22,5,0.5,保守業務エージェントの設定・実践,マスキング済み又はダミーのデータでテスト実行し、動作を確認・修正します
agent,47,B3,6,1.0,AIエージェントによる保守文書作成の自動化演習①,点検報告書の作成 / 故障対応の顧客説明文 / 部品手配依頼 の一連工程を委任し、実行結果を検収・修正します
agent,47,B4,7,1.0,AIエージェントによる保全計画の自動化演習②,予防保全計画の整理 / 過去対応履歴→事例集としてのナレッジ化 を含む複数ステップの業務フローを連結し、自動実行・検収します
agent,47,B5,8,1.0,AIエージェントによる保全計画総合演習,保全計画の一連の業務フロー(受付→処理→出力→報告)を業務エージェントに委任し、実行・検収・修正までを通しで行います(マスキング済み又はダミーのデータを使用し、講師の添削・指導つき)
agent,47,C1,9,1.5,保守業務エージェントの整備,業務指示書・エージェント設定・運用手順・利用ルールを1式にまとめ、動作確認まで完了させます
agent,47,C2,10,0.5,業務エージェントの業務フロー配置,どの工程をAIエージェントに委任し、どこに人の確認ポイントを置くかをマッピングします
agent,47,D1,11,1.0,業務エージェントの運用・監督演習,実行結果の検収手順、想定外の出力・エラー時の停止と修正、業務指示書の改善(再指示・更新)の手順を演習形式で習得します
agent,47,D2,12,0.5,委任範囲と確認体制の策定演習,機密情報・実行権限・承認フローなど、自身の業務に即した委任ルールと確認体制を演習で作成します
agent,47,D3,13,0.5,実務組み込み計画の作成・講師フィードバック,業務エージェントを日次・週次業務のどの工程に組み込むかの計画をまとめ、講師が個別に添削・フィードバックします
agent,48,B0,1,0.5,電気・空調工事職業務のAIエージェント活用実演・要点解説,講師が本コースで扱う一連の業務工程をAIエージェントに委任し、実行から検収までを通しで実演します
agent,48,B11,2,0.5,工事業務の工程分解・基礎,自動化する定型業務の選定と工程分解(入力→手順→出力→判断基準)。題材: 見積書の内訳説明文 など
agent,48,B12,3,1.0,工事業務の業務指示書作成・実践,AIエージェントに委任するための業務指示書を作成 — 手順・判断基準・例外対応の言語化。題材: 工事案内(停電・騒音のお知らせ) / 完了報告書 など
agent,48,B21,4,0.5,工事業務エージェントの設定・基礎,作成した業務指示書と参照資料をAIエージェントに実装します(手順・ナレッジの登録)
agent,48,B22,5,0.5,工事業務エージェントの設定・実践,マスキング済み又はダミーのデータでテスト実行し、動作を確認・修正します
agent,48,B3,6,1.0,AIエージェントによる工事文書作成の自動化演習①,見積書の内訳説明文 / 工事案内(停電・騒音のお知らせ) / 完了報告書 の一連工程を委任し、実行結果を検収・修正します
agent,48,B4,7,1.0,AIエージェントによる施工品質の自動化演習②,施工手順の文書化 / 安全教育資料の作成 を含む複数ステップの業務フローを連結し、自動実行・検収します
agent,48,B5,8,1.0,AIエージェントによる施工品質総合演習,施工品質の一連の業務フロー(受付→処理→出力→報告)を業務エージェントに委任し、実行・検収・修正までを通しで行います(マスキング済み又はダミーのデータを使用し、講師の添削・指導つき)
agent,48,C1,9,1.5,工事業務エージェントの整備,業務指示書・エージェント設定・運用手順・利用ルールを1式にまとめ、動作確認まで完了させます
agent,48,C2,10,0.5,業務エージェントの業務フロー配置,どの工程をAIエージェントに委任し、どこに人の確認ポイントを置くかをマッピングします
agent,48,D1,11,1.0,業務エージェントの運用・監督演習,実行結果の検収手順、想定外の出力・エラー時の停止と修正、業務指示書の改善(再指示・更新)の手順を演習形式で習得します
agent,48,D2,12,0.5,委任範囲と確認体制の策定演習,機密情報・実行権限・承認フローなど、自身の業務に即した委任ルールと確認体制を演習で作成します
agent,48,D3,13,0.5,実務組み込み計画の作成・講師フィードバック,業務エージェントを日次・週次業務のどの工程に組み込むかの計画をまとめ、講師が個別に添削・フィードバックします
agent,49,B0,1,0.5,農業生産管理職業務のAIエージェント活用実演・要点解説,講師が本コースで扱う一連の業務工程をAIエージェントに委任し、実行から検収までを通しで実演します
agent,49,B11,2,0.5,営農業務の工程分解・基礎,自動化する定型業務の選定と工程分解(入力→手順→出力→判断基準)。題材: 作業日誌のデータ化 など
agent,49,B12,3,1.0,営農業務の業務指示書作成・実践,AIエージェントに委任するための業務指示書を作成 — 手順・判断基準・例外対応の言語化。題材: 出荷先への案内文 / 直売所POP・EC商品説明文 など
agent,49,B21,4,0.5,営農業務エージェントの設定・基礎,作成した業務指示書と参照資料をAIエージェントに実装します(手順・ナレッジの登録)
agent,49,B22,5,0.5,営農業務エージェントの設定・実践,マスキング済み又はダミーのデータでテスト実行し、動作を確認・修正します
agent,49,B3,6,1.0,AIエージェントによる農場文書作成の自動化演習①,作業日誌のデータ化 / 出荷先への案内文 / 直売所POP・EC商品説明文 の一連工程を委任し、実行結果を検収・修正します
agent,49,B4,7,1.0,AIエージェントによる営農計画の自動化演習②,出荷計画の作成 / 栽培暦の文書化と改善メモ を含む複数ステップの業務フローを連結し、自動実行・検収します
agent,49,B5,8,1.0,AIエージェントによる営農計画総合演習,営農計画の一連の業務フロー(受付→処理→出力→報告)を業務エージェントに委任し、実行・検収・修正までを通しで行います(マスキング済み又はダミーのデータを使用し、講師の添削・指導つき)
agent,49,C1,9,1.5,営農業務エージェントの整備,業務指示書・エージェント設定・運用手順・利用ルールを1式にまとめ、動作確認まで完了させます
agent,49,C2,10,0.5,業務エージェントの業務フロー配置,どの工程をAIエージェントに委任し、どこに人の確認ポイントを置くかをマッピングします
agent,49,D1,11,1.0,業務エージェントの運用・監督演習,実行結果の検収手順、想定外の出力・エラー時の停止と修正、業務指示書の改善(再指示・更新)の手順を演習形式で習得します
agent,49,D2,12,0.5,委任範囲と確認体制の策定演習,機密情報・実行権限・承認フローなど、自身の業務に即した委任ルールと確認体制を演習で作成します
agent,49,D3,13,0.5,実務組み込み計画の作成・講師フィードバック,業務エージェントを日次・週次業務のどの工程に組み込むかの計画をまとめ、講師が個別に添削・フィードバックします
agent,50,B0,1,0.5,造園・外構職業務のAIエージェント活用実演・要点解説,講師が本コースで扱う一連の業務工程をAIエージェントに委任し、実行から検収までを通しで実演します
agent,50,B11,2,0.5,受注業務の工程分解・基礎,自動化する定型業務の選定と工程分解(入力→手順→出力→判断基準)。題材: 見積提案書の説明文 など
agent,50,B12,3,1.0,受注業務の業務指示書作成・実践,AIエージェントに委任するための業務指示書を作成 — 手順・判断基準・例外対応の言語化。題材: 施工事例紹介文 / 剪定時期の案内DM など
agent,50,B21,4,0.5,受注業務エージェントの設定・基礎,作成した業務指示書と参照資料をAIエージェントに実装します(手順・ナレッジの登録)
agent,50,B22,5,0.5,受注業務エージェントの設定・実践,マスキング済み又はダミーのデータでテスト実行し、動作を確認・修正します
agent,50,B3,6,1.0,AIエージェントによる提案文書作成の自動化演習①,見積提案書の説明文 / 施工事例紹介文 / 剪定時期の案内DM の一連工程を委任し、実行結果を検収・修正します
agent,50,B4,7,1.0,AIエージェントによる提案の自動化演習②,定期メンテナンス提案書の作成 / 施工前後写真の紹介記事化 を含む複数ステップの業務フローを連結し、自動実行・検収します
agent,50,B5,8,1.0,AIエージェントによる提案総合演習,提案の一連の業務フロー(受付→処理→出力→報告)を業務エージェントに委任し、実行・検収・修正までを通しで行います(マスキング済み又はダミーのデータを使用し、講師の添削・指導つき)
agent,50,C1,9,1.5,受注業務エージェントの整備,業務指示書・エージェント設定・運用手順・利用ルールを1式にまとめ、動作確認まで完了させます
agent,50,C2,10,0.5,業務エージェントの業務フロー配置,どの工程をAIエージェントに委任し、どこに人の確認ポイントを置くかをマッピングします
agent,50,D1,11,1.0,業務エージェントの運用・監督演習,実行結果の検収手順、想定外の出力・エラー時の停止と修正、業務指示書の改善(再指示・更新)の手順を演習形式で習得します
agent,50,D2,12,0.5,委任範囲と確認体制の策定演習,機密情報・実行権限・承認フローなど、自身の業務に即した委任ルールと確認体制を演習で作成します
agent,50,D3,13,0.5,実務組み込み計画の作成・講師フィードバック,業務エージェントを日次・週次業務のどの工程に組み込むかの計画をまとめ、講師が個別に添削・フィードバックします
agent,51,B0,1,0.5,飲食店舗運営職(店長)業務のAIエージェント活用実演・要点解説,講師が本コースで扱う一連の業務工程をAIエージェントに委任し、実行から検収までを通しで実演します
agent,51,B11,2,0.5,店長業務の工程分解・基礎,自動化する定型業務の選定と工程分解(入力→手順→出力→判断基準)。題材: シフト募集・変更連絡文 など
agent,51,B12,3,1.0,店長業務の業務指示書作成・実践,AIエージェントに委任するための業務指示書を作成 — 手順・判断基準・例外対応の言語化。題材: クレーム対応文書 / 新メニュー告知文 など
agent,51,B21,4,0.5,店長業務エージェントの設定・基礎,作成した業務指示書と参照資料をAIエージェントに実装します(手順・ナレッジの登録)
agent,51,B22,5,0.5,店長業務エージェントの設定・実践,マスキング済み又はダミーのデータでテスト実行し、動作を確認・修正します
agent,51,B3,6,1.0,AIエージェントによる店舗文書作成の自動化演習①,シフト募集・変更連絡文 / クレーム対応文書 / 新メニュー告知文 の一連工程を委任し、実行結果を検収・修正します
agent,51,B4,7,1.0,AIエージェントによる店舗運営の自動化演習②,新人教育マニュアルの文書化 / 販促企画(グルメサイト・SNS)案 を含む複数ステップの業務フローを連結し、自動実行・検収します
agent,51,B5,8,1.0,AIエージェントによる店舗運営総合演習,店舗運営の一連の業務フロー(受付→処理→出力→報告)を業務エージェントに委任し、実行・検収・修正までを通しで行います(マスキング済み又はダミーのデータを使用し、講師の添削・指導つき)
agent,51,C1,9,1.5,店長業務エージェントの整備,業務指示書・エージェント設定・運用手順・利用ルールを1式にまとめ、動作確認まで完了させます
agent,51,C2,10,0.5,業務エージェントの業務フロー配置,どの工程をAIエージェントに委任し、どこに人の確認ポイントを置くかをマッピングします
agent,51,D1,11,1.0,業務エージェントの運用・監督演習,実行結果の検収手順、想定外の出力・エラー時の停止と修正、業務指示書の改善(再指示・更新)の手順を演習形式で習得します
agent,51,D2,12,0.5,委任範囲と確認体制の策定演習,機密情報・実行権限・承認フローなど、自身の業務に即した委任ルールと確認体制を演習で作成します
agent,51,D3,13,0.5,実務組み込み計画の作成・講師フィードバック,業務エージェントを日次・週次業務のどの工程に組み込むかの計画をまとめ、講師が個別に添削・フィードバックします
agent,52,B0,1,0.5,調理・キッチン管理職業務のAIエージェント活用実演・要点解説,講師が本コースで扱う一連の業務工程をAIエージェントに委任し、実行から検収までを通しで実演します
agent,52,B11,2,0.5,厨房業務の工程分解・基礎,自動化する定型業務の選定と工程分解(入力→手順→出力→判断基準)。題材: レシピの標準化文書(分量・手順) など
agent,52,B12,3,1.0,厨房業務の業務指示書作成・実践,AIエージェントに委任するための業務指示書を作成 — 手順・判断基準・例外対応の言語化。題材: 仕込み指示書 / 衛生記録の整形 など
agent,52,B21,4,0.5,厨房業務エージェントの設定・基礎,作成した業務指示書と参照資料をAIエージェントに実装します(手順・ナレッジの登録)
agent,52,B22,5,0.5,厨房業務エージェントの設定・実践,マスキング済み又はダミーのデータでテスト実行し、動作を確認・修正します
agent,52,B3,6,1.0,AIエージェントによる厨房文書作成の自動化演習①,レシピの標準化文書(分量・手順) / 仕込み指示書 / 衛生記録の整形 の一連工程を委任し、実行結果を検収・修正します
agent,52,B4,7,1.0,AIエージェントによるメニュー開発の自動化演習②,新メニューの原価シミュレーション / アレルギー対応一覧の整備 を含む複数ステップの業務フローを連結し、自動実行・検収します
agent,52,B5,8,1.0,AIエージェントによるメニュー開発総合演習,メニュー開発の一連の業務フロー(受付→処理→出力→報告)を業務エージェントに委任し、実行・検収・修正までを通しで行います(マスキング済み又はダミーのデータを使用し、講師の添削・指導つき)
agent,52,C1,9,1.5,厨房業務エージェントの整備,業務指示書・エージェント設定・運用手順・利用ルールを1式にまとめ、動作確認まで完了させます
agent,52,C2,10,0.5,業務エージェントの業務フロー配置,どの工程をAIエージェントに委任し、どこに人の確認ポイントを置くかをマッピングします
agent,52,D1,11,1.0,業務エージェントの運用・監督演習,実行結果の検収手順、想定外の出力・エラー時の停止と修正、業務指示書の改善(再指示・更新)の手順を演習形式で習得します
agent,52,D2,12,0.5,委任範囲と確認体制の策定演習,機密情報・実行権限・承認フローなど、自身の業務に即した委任ルールと確認体制を演習で作成します
agent,52,D3,13,0.5,実務組み込み計画の作成・講師フィードバック,業務エージェントを日次・週次業務のどの工程に組み込むかの計画をまとめ、講師が個別に添削・フィードバックします
agent,53,B0,1,0.5,宿泊フロント職業務のAIエージェント活用実演・要点解説,講師が本コースで扱う一連の業務工程をAIエージェントに委任し、実行から検収までを通しで実演します
agent,53,B11,2,0.5,フロント業務の工程分解・基礎,自動化する定型業務の選定と工程分解(入力→手順→出力→判断基準)。題材: 予約確認・アップセル案内メール(多言語対応) など
agent,53,B12,3,1.0,フロント業務の業務指示書作成・実践,AIエージェントに委任するための業務指示書を作成 — 手順・判断基準・例外対応の言語化。題材: 口コミ返信 / 館内案内文 など
agent,53,B21,4,0.5,フロント業務エージェントの設定・基礎,作成した業務指示書と参照資料をAIエージェントに実装します(手順・ナレッジの登録)
agent,53,B22,5,0.5,フロント業務エージェントの設定・実践,マスキング済み又はダミーのデータでテスト実行し、動作を確認・修正します
agent,53,B3,6,1.0,AIエージェントによる宿泊文書作成の自動化演習①,予約確認・アップセル案内メール(多言語対応) / 口コミ返信 / 館内案内文 の一連工程を委任し、実行結果を検収・修正します
agent,53,B4,7,1.0,AIエージェントによるおもてなしの自動化演習②,周辺観光案内の作成(多言語) / 繁忙期オペレーションの文書化 を含む複数ステップの業務フローを連結し、自動実行・検収します
agent,53,B5,8,1.0,AIエージェントによるおもてなし総合演習,おもてなしの一連の業務フロー(受付→処理→出力→報告)を業務エージェントに委任し、実行・検収・修正までを通しで行います(マスキング済み又はダミーのデータを使用し、講師の添削・指導つき)
agent,53,C1,9,1.5,フロント業務エージェントの整備,業務指示書・エージェント設定・運用手順・利用ルールを1式にまとめ、動作確認まで完了させます
agent,53,C2,10,0.5,業務エージェントの業務フロー配置,どの工程をAIエージェントに委任し、どこに人の確認ポイントを置くかをマッピングします
agent,53,D1,11,1.0,業務エージェントの運用・監督演習,実行結果の検収手順、想定外の出力・エラー時の停止と修正、業務指示書の改善(再指示・更新)の手順を演習形式で習得します
agent,53,D2,12,0.5,委任範囲と確認体制の策定演習,機密情報・実行権限・承認フローなど、自身の業務に即した委任ルールと確認体制を演習で作成します
agent,53,D3,13,0.5,実務組み込み計画の作成・講師フィードバック,業務エージェントを日次・週次業務のどの工程に組み込むかの計画をまとめ、講師が個別に添削・フィードバックします
agent,54,B0,1,0.5,美容師・サロン運営職業務のAIエージェント活用実演・要点解説,講師が本コースで扱う一連の業務工程をAIエージェントに委任し、実行から検収までを通しで実演します
agent,54,B11,2,0.5,サロン業務の工程分解・基礎,自動化する定型業務の選定と工程分解(入力→手順→出力→判断基準)。題材: カウンセリング記録の整形 など
agent,54,B12,3,1.0,サロン業務の業務指示書作成・実践,AIエージェントに委任するための業務指示書を作成 — 手順・判断基準・例外対応の言語化。題材: 指名客へのフォローLINE / キャンペーン告知 など
agent,54,B21,4,0.5,サロン業務エージェントの設定・基礎,作成した業務指示書と参照資料をAIエージェントに実装します(手順・ナレッジの登録)
agent,54,B22,5,0.5,サロン業務エージェントの設定・実践,マスキング済み又はダミーのデータでテスト実行し、動作を確認・修正します
agent,54,B3,6,1.0,AIエージェントによる顧客文書作成の自動化演習①,カウンセリング記録の整形 / 指名客へのフォローLINE / キャンペーン告知 の一連工程を委任し、実行結果を検収・修正します
agent,54,B4,7,1.0,AIエージェントによる集客の自動化演習②,スタイル紹介文(SNS投稿) / 失客リストへの再来店アプローチ文 を含む複数ステップの業務フローを連結し、自動実行・検収します
agent,54,B5,8,1.0,AIエージェントによる集客総合演習,集客の一連の業務フロー(受付→処理→出力→報告)を業務エージェントに委任し、実行・検収・修正までを通しで行います(マスキング済み又はダミーのデータを使用し、講師の添削・指導つき)
agent,54,C1,9,1.5,サロン業務エージェントの整備,業務指示書・エージェント設定・運用手順・利用ルールを1式にまとめ、動作確認まで完了させます
agent,54,C2,10,0.5,業務エージェントの業務フロー配置,どの工程をAIエージェントに委任し、どこに人の確認ポイントを置くかをマッピングします
agent,54,D1,11,1.0,業務エージェントの運用・監督演習,実行結果の検収手順、想定外の出力・エラー時の停止と修正、業務指示書の改善(再指示・更新)の手順を演習形式で習得します
agent,54,D2,12,0.5,委任範囲と確認体制の策定演習,機密情報・実行権限・承認フローなど、自身の業務に即した委任ルールと確認体制を演習で作成します
agent,54,D3,13,0.5,実務組み込み計画の作成・講師フィードバック,業務エージェントを日次・週次業務のどの工程に組み込むかの計画をまとめ、講師が個別に添削・フィードバックします
agent,55,B0,1,0.5,エステ・リラクゼーション職業務のAIエージェント活用実演・要点解説,講師が本コースで扱う一連の業務工程をAIエージェントに委任し、実行から検収までを通しで実演します
agent,55,B11,2,0.5,接客業務の工程分解・基礎,自動化する定型業務の選定と工程分解(入力→手順→出力→判断基準)。題材: カウンセリングシートの記録整形 など
agent,55,B12,3,1.0,接客業務の業務指示書作成・実践,AIエージェントに委任するための業務指示書を作成 — 手順・判断基準・例外対応の言語化。題材: 施術後のホームケア案内 / コース説明文 など
agent,55,B21,4,0.5,接客業務エージェントの設定・基礎,作成した業務指示書と参照資料をAIエージェントに実装します(手順・ナレッジの登録)
agent,55,B22,5,0.5,接客業務エージェントの設定・実践,マスキング済み又はダミーのデータでテスト実行し、動作を確認・修正します
agent,55,B3,6,1.0,AIエージェントによる接客文書作成の自動化演習①,カウンセリングシートの記録整形 / 施術後のホームケア案内 / コース説明文 の一連工程を委任し、実行結果を検収・修正します
agent,55,B4,7,1.0,AIエージェントによる提案の自動化演習②,回数券・コース提案のトーク整理 / 季節キャンペーン企画案 を含む複数ステップの業務フローを連結し、自動実行・検収します
agent,55,B5,8,1.0,AIエージェントによる提案総合演習,提案の一連の業務フロー(受付→処理→出力→報告)を業務エージェントに委任し、実行・検収・修正までを通しで行います(マスキング済み又はダミーのデータを使用し、講師の添削・指導つき)
agent,55,C1,9,1.5,接客業務エージェントの整備,業務指示書・エージェント設定・運用手順・利用ルールを1式にまとめ、動作確認まで完了させます
agent,55,C2,10,0.5,業務エージェントの業務フロー配置,どの工程をAIエージェントに委任し、どこに人の確認ポイントを置くかをマッピングします
agent,55,D1,11,1.0,業務エージェントの運用・監督演習,実行結果の検収手順、想定外の出力・エラー時の停止と修正、業務指示書の改善(再指示・更新)の手順を演習形式で習得します
agent,55,D2,12,0.5,委任範囲と確認体制の策定演習,機密情報・実行権限・承認フローなど、自身の業務に即した委任ルールと確認体制を演習で作成します
agent,55,D3,13,0.5,実務組み込み計画の作成・講師フィードバック,業務エージェントを日次・週次業務のどの工程に組み込むかの計画をまとめ、講師が個別に添削・フィードバックします
agent,56,B0,1,0.5,コールセンター・CS職業務のAIエージェント活用実演・要点解説,講師が本コースで扱う一連の業務工程をAIエージェントに委任し、実行から検収までを通しで実演します
agent,56,B11,2,0.5,応対業務の工程分解・基礎,自動化する定型業務の選定と工程分解(入力→手順→出力→判断基準)。題材: 応対履歴の要約入力 など
agent,56,B12,3,1.0,応対業務の業務指示書作成・実践,AIエージェントに委任するための業務指示書を作成 — 手順・判断基準・例外対応の言語化。題材: 折り返し・エスカレーション報告 / 謝罪メール など
agent,56,B21,4,0.5,応対業務エージェントの設定・基礎,作成した業務指示書と参照資料をAIエージェントに実装します(手順・ナレッジの登録)
agent,56,B22,5,0.5,応対業務エージェントの設定・実践,マスキング済み又はダミーのデータでテスト実行し、動作を確認・修正します
agent,56,B3,6,1.0,AIエージェントによる応対文書作成の自動化演習①,応対履歴の要約入力 / 折り返し・エスカレーション報告 / 謝罪メール の一連工程を委任し、実行結果を検収・修正します
agent,56,B4,7,1.0,AIエージェントによる品質改善の自動化演習②,FAQ・トークスクリプトの整備 / VOC(顧客の声)レポート作成 を含む複数ステップの業務フローを連結し、自動実行・検収します
agent,56,B5,8,1.0,AIエージェントによる品質改善総合演習,品質改善の一連の業務フロー(受付→処理→出力→報告)を業務エージェントに委任し、実行・検収・修正までを通しで行います(マスキング済み又はダミーのデータを使用し、講師の添削・指導つき)
agent,56,C1,9,1.5,応対業務エージェントの整備,業務指示書・エージェント設定・運用手順・利用ルールを1式にまとめ、動作確認まで完了させます
agent,56,C2,10,0.5,業務エージェントの業務フロー配置,どの工程をAIエージェントに委任し、どこに人の確認ポイントを置くかをマッピングします
agent,56,D1,11,1.0,業務エージェントの運用・監督演習,実行結果の検収手順、想定外の出力・エラー時の停止と修正、業務指示書の改善(再指示・更新)の手順を演習形式で習得します
agent,56,D2,12,0.5,委任範囲と確認体制の策定演習,機密情報・実行権限・承認フローなど、自身の業務に即した委任ルールと確認体制を演習で作成します
agent,56,D3,13,0.5,実務組み込み計画の作成・講師フィードバック,業務エージェントを日次・週次業務のどの工程に組み込むかの計画をまとめ、講師が個別に添削・フィードバックします
agent,57,B0,1,0.5,フィットネストレーナー職業務のAIエージェント活用実演・要点解説,講師が本コースで扱う一連の業務工程をAIエージェントに委任し、実行から検収までを通しで実演します
agent,57,B11,2,0.5,会員対応の工程分解・基礎,自動化する定型業務の選定と工程分解(入力→手順→出力→判断基準)。題材: 体験者へのフォロー連絡 など
agent,57,B12,3,1.0,会員対応の業務指示書作成・実践,AIエージェントに委任するための業務指示書を作成 — 手順・判断基準・例外対応の言語化。題材: セッション記録の整形 / 継続面談の準備メモ など
agent,57,B21,4,0.5,会員対応エージェントの設定・基礎,作成した業務指示書と参照資料をAIエージェントに実装します(手順・ナレッジの登録)
agent,57,B22,5,0.5,会員対応エージェントの設定・実践,マスキング済み又はダミーのデータでテスト実行し、動作を確認・修正します
agent,57,B3,6,1.0,AIエージェントによる会員文書作成の自動化演習①,体験者へのフォロー連絡 / セッション記録の整形 / 継続面談の準備メモ の一連工程を委任し、実行結果を検収・修正します
agent,57,B4,7,1.0,AIエージェントによる指導準備の自動化演習②,一般的なトレーニングメニュー例の文書化(個別の医学的判断は対象外) / SNS発信文 を含む複数ステップの業務フローを連結し、自動実行・検収します
agent,57,B5,8,1.0,AIエージェントによる指導準備総合演習,指導準備の一連の業務フロー(受付→処理→出力→報告)を業務エージェントに委任し、実行・検収・修正までを通しで行います(マスキング済み又はダミーのデータを使用し、講師の添削・指導つき)
agent,57,C1,9,1.5,会員対応業務エージェントの整備,業務指示書・エージェント設定・運用手順・利用ルールを1式にまとめ、動作確認まで完了させます
agent,57,C2,10,0.5,業務エージェントの業務フロー配置,どの工程をAIエージェントに委任し、どこに人の確認ポイントを置くかをマッピングします
agent,57,D1,11,1.0,業務エージェントの運用・監督演習,実行結果の検収手順、想定外の出力・エラー時の停止と修正、業務指示書の改善(再指示・更新)の手順を演習形式で習得します
agent,57,D2,12,0.5,委任範囲と確認体制の策定演習,機密情報・実行権限・承認フローなど、自身の業務に即した委任ルールと確認体制を演習で作成します
agent,57,D3,13,0.5,実務組み込み計画の作成・講師フィードバック,業務エージェントを日次・週次業務のどの工程に組み込むかの計画をまとめ、講師が個別に添削・フィードバックします
agent,58,B0,1,0.5,葬祭ディレクター職業務のAIエージェント活用実演・要点解説,講師が本コースで扱う一連の業務工程をAIエージェントに委任し、実行から検収までを通しで実演します
agent,58,B11,2,0.5,施行業務の工程分解・基礎,自動化する定型業務の選定と工程分解(入力→手順→出力→判断基準)。題材: 打合せ確認書の作成 など
agent,58,B12,3,1.0,施行業務の業務指示書作成・実践,AIエージェントに委任するための業務指示書を作成 — 手順・判断基準・例外対応の言語化。題材: 供花・返礼品の案内文 / 寺院・式場への連絡文 など
agent,58,B21,4,0.5,施行業務エージェントの設定・基礎,作成した業務指示書と参照資料をAIエージェントに実装します(手順・ナレッジの登録)
agent,58,B22,5,0.5,施行業務エージェントの設定・実践,マスキング済み又はダミーのデータでテスト実行し、動作を確認・修正します
agent,58,B3,6,1.0,AIエージェントによる施行文書作成の自動化演習①,打合せ確認書の作成 / 供花・返礼品の案内文 / 寺院・式場への連絡文 の一連工程を委任し、実行結果を検収・修正します
agent,58,B4,7,1.0,AIエージェントによる相談・フォローの自動化演習②,事前相談会の案内資料 / 施行後のアフターフォロー文(法要案内) を含む複数ステップの業務フローを連結し、自動実行・検収します
agent,58,B5,8,1.0,AIエージェントによる相談・フォロー総合演習,相談・フォローの一連の業務フロー(受付→処理→出力→報告)を業務エージェントに委任し、実行・検収・修正までを通しで行います(マスキング済み又はダミーのデータを使用し、講師の添削・指導つき)
agent,58,C1,9,1.5,施行業務エージェントの整備,業務指示書・エージェント設定・運用手順・利用ルールを1式にまとめ、動作確認まで完了させます
agent,58,C2,10,0.5,業務エージェントの業務フロー配置,どの工程をAIエージェントに委任し、どこに人の確認ポイントを置くかをマッピングします
agent,58,D1,11,1.0,業務エージェントの運用・監督演習,実行結果の検収手順、想定外の出力・エラー時の停止と修正、業務指示書の改善(再指示・更新)の手順を演習形式で習得します
agent,58,D2,12,0.5,委任範囲と確認体制の策定演習,機密情報・実行権限・承認フローなど、自身の業務に即した委任ルールと確認体制を演習で作成します
agent,58,D3,13,0.5,実務組み込み計画の作成・講師フィードバック,業務エージェントを日次・週次業務のどの工程に組み込むかの計画をまとめ、講師が個別に添削・フィードバックします
agent,59,B0,1,0.5,税理士補助職業務のAIエージェント活用実演・要点解説,講師が本コースで扱う一連の業務工程をAIエージェントに委任し、実行から検収までを通しで実演します
agent,59,B11,2,0.5,事務所業務の工程分解・基礎,自動化する定型業務の選定と工程分解(入力→手順→出力→判断基準)。題材: 資料依頼文 など
agent,59,B12,3,1.0,事務所業務の業務指示書作成・実践,AIエージェントに委任するための業務指示書を作成 — 手順・判断基準・例外対応の言語化。題材: 月次報告の所見文下書き / 年末調整の案内文 など
agent,59,B21,4,0.5,事務所業務エージェントの設定・基礎,作成した業務指示書と参照資料をAIエージェントに実装します(手順・ナレッジの登録)
agent,59,B22,5,0.5,事務所業務エージェントの設定・実践,マスキング済み又はダミーのデータでテスト実行し、動作を確認・修正します
agent,59,B3,6,1.0,AIエージェントによる顧問先文書作成の自動化演習①,資料依頼文 / 月次報告の所見文下書き / 年末調整の案内文 の一連工程を委任し、実行結果を検収・修正します
agent,59,B4,7,1.0,AIエージェントによる顧問業務の自動化演習②,税制改正情報の要約と顧問先向け案内(最終確認は有資格者) / 決算スケジュール管理表 を含む複数ステップの業務フローを連結し、自動実行・検収します
agent,59,B5,8,1.0,AIエージェントによる顧問業務総合演習,顧問業務の一連の業務フロー(受付→処理→出力→報告)を業務エージェントに委任し、実行・検収・修正までを通しで行います(マスキング済み又はダミーのデータを使用し、講師の添削・指導つき)
agent,59,C1,9,1.5,事務所業務エージェントの整備,業務指示書・エージェント設定・運用手順・利用ルールを1式にまとめ、動作確認まで完了させます
agent,59,C2,10,0.5,業務エージェントの業務フロー配置,どの工程をAIエージェントに委任し、どこに人の確認ポイントを置くかをマッピングします
agent,59,D1,11,1.0,業務エージェントの運用・監督演習,実行結果の検収手順、想定外の出力・エラー時の停止と修正、業務指示書の改善(再指示・更新)の手順を演習形式で習得します
agent,59,D2,12,0.5,委任範囲と確認体制の策定演習,機密情報・実行権限・承認フローなど、自身の業務に即した委任ルールと確認体制を演習で作成します
agent,59,D3,13,0.5,実務組み込み計画の作成・講師フィードバック,業務エージェントを日次・週次業務のどの工程に組み込むかの計画をまとめ、講師が個別に添削・フィードバックします
agent,60,B0,1,0.5,社労士補助職業務のAIエージェント活用実演・要点解説,講師が本コースで扱う一連の業務工程をAIエージェントに委任し、実行から検収までを通しで実演します
agent,60,B11,2,0.5,事務所業務の工程分解・基礎,自動化する定型業務の選定と工程分解(入力→手順→出力→判断基準)。題材: 入退社・育休等の手続き案内文 など
agent,60,B12,3,1.0,事務所業務の業務指示書作成・実践,AIエージェントに委任するための業務指示書を作成 — 手順・判断基準・例外対応の言語化。題材: 顧問先への確認依頼文 など
agent,60,B21,4,0.5,事務所業務エージェントの設定・基礎,作成した業務指示書と参照資料をAIエージェントに実装します(手順・ナレッジの登録)
agent,60,B22,5,0.5,事務所業務エージェントの設定・実践,マスキング済み又はダミーのデータでテスト実行し、動作を確認・修正します
agent,60,B3,6,1.0,AIエージェントによる手続き文書作成の自動化演習①,入退社・育休等の手続き案内文 / 顧問先への確認依頼文 の一連工程を委任し、実行結果を検収・修正します
agent,60,B4,7,1.0,AIエージェントによる顧問支援の自動化演習②,法改正の要約と顧問先向けニュースレター下書き / 就業規則改定の変更点整理 を含む複数ステップの業務フローを連結し、自動実行・検収します
agent,60,B5,8,1.0,AIエージェントによる顧問支援総合演習,顧問支援の一連の業務フロー(受付→処理→出力→報告)を業務エージェントに委任し、実行・検収・修正までを通しで行います(マスキング済み又はダミーのデータを使用し、講師の添削・指導つき)
agent,60,C1,9,1.5,事務所業務エージェントの整備,業務指示書・エージェント設定・運用手順・利用ルールを1式にまとめ、動作確認まで完了させます
agent,60,C2,10,0.5,業務エージェントの業務フロー配置,どの工程をAIエージェントに委任し、どこに人の確認ポイントを置くかをマッピングします
agent,60,D1,11,1.0,業務エージェントの運用・監督演習,実行結果の検収手順、想定外の出力・エラー時の停止と修正、業務指示書の改善(再指示・更新)の手順を演習形式で習得します
agent,60,D2,12,0.5,委任範囲と確認体制の策定演習,機密情報・実行権限・承認フローなど、自身の業務に即した委任ルールと確認体制を演習で作成します
agent,60,D3,13,0.5,実務組み込み計画の作成・講師フィードバック,業務エージェントを日次・週次業務のどの工程に組み込むかの計画をまとめ、講師が個別に添削・フィードバックします
agent,61,B0,1,0.5,司法書士・行政書士補助職業務のAIエージェント活用実演・要点解説,講師が本コースで扱う一連の業務工程をAIエージェントに委任し、実行から検収までを通しで実演します
agent,61,B11,2,0.5,事務所業務の工程分解・基礎,自動化する定型業務の選定と工程分解(入力→手順→出力→判断基準)。題材: 必要書類の案内文 など
agent,61,B12,3,1.0,事務所業務の業務指示書作成・実践,AIエージェントに委任するための業務指示書を作成 — 手順・判断基準・例外対応の言語化。題材: 進捗報告文 / 官公署への問い合わせ文 など
agent,61,B21,4,0.5,事務所業務エージェントの設定・基礎,作成した業務指示書と参照資料をAIエージェントに実装します(手順・ナレッジの登録)
agent,61,B22,5,0.5,事務所業務エージェントの設定・実践,マスキング済み又はダミーのデータでテスト実行し、動作を確認・修正します
agent,61,B3,6,1.0,AIエージェントによる依頼者文書作成の自動化演習①,必要書類の案内文 / 進捗報告文 / 官公署への問い合わせ文 の一連工程を委任し、実行結果を検収・修正します
agent,61,B4,7,1.0,AIエージェントによる調査の自動化演習②,許認可要件の調査整理(最終判断は有資格者) / 定型申請書の下書き効率化 を含む複数ステップの業務フローを連結し、自動実行・検収します
agent,61,B5,8,1.0,AIエージェントによる調査総合演習,調査の一連の業務フロー(受付→処理→出力→報告)を業務エージェントに委任し、実行・検収・修正までを通しで行います(マスキング済み又はダミーのデータを使用し、講師の添削・指導つき)
agent,61,C1,9,1.5,事務所業務エージェントの整備,業務指示書・エージェント設定・運用手順・利用ルールを1式にまとめ、動作確認まで完了させます
agent,61,C2,10,0.5,業務エージェントの業務フロー配置,どの工程をAIエージェントに委任し、どこに人の確認ポイントを置くかをマッピングします
agent,61,D1,11,1.0,業務エージェントの運用・監督演習,実行結果の検収手順、想定外の出力・エラー時の停止と修正、業務指示書の改善(再指示・更新)の手順を演習形式で習得します
agent,61,D2,12,0.5,委任範囲と確認体制の策定演習,機密情報・実行権限・承認フローなど、自身の業務に即した委任ルールと確認体制を演習で作成します
agent,61,D3,13,0.5,実務組み込み計画の作成・講師フィードバック,業務エージェントを日次・週次業務のどの工程に組み込むかの計画をまとめ、講師が個別に添削・フィードバックします
agent,62,B0,1,0.5,社内SE・情報システム職業務のAIエージェント活用実演・要点解説,講師が本コースで扱う一連の業務工程をAIエージェントに委任し、実行から検収までを通しで実演します
agent,62,B11,2,0.5,運用業務の工程分解・基礎,自動化する定型業務の選定と工程分解(入力→手順→出力→判断基準)。題材: 障害報告・メンテナンス告知文 など
agent,62,B12,3,1.0,運用業務の業務指示書作成・実践,AIエージェントに委任するための業務指示書を作成 — 手順・判断基準・例外対応の言語化。題材: ヘルプデスク回答文 など
agent,62,B21,4,0.5,運用業務エージェントの設定・基礎,作成した業務指示書と参照資料をAIエージェントに実装します(手順・ナレッジの登録)
agent,62,B22,5,0.5,運用業務エージェントの設定・実践,マスキング済み又はダミーのデータでテスト実行し、動作を確認・修正します
agent,62,B3,6,1.0,AIエージェントによるIT文書作成の自動化演習①,障害報告・メンテナンス告知文 / ヘルプデスク回答文 の一連工程を委任し、実行結果を検収・修正します
agent,62,B4,7,1.0,AIエージェントによる運用改善の自動化演習②,操作手順書の作成 / 簡易スクリプト(GAS等)の作成補助 を含む複数ステップの業務フローを連結し、自動実行・検収します
agent,62,B5,8,1.0,AIエージェントによる運用改善総合演習,運用改善の一連の業務フロー(受付→処理→出力→報告)を業務エージェントに委任し、実行・検収・修正までを通しで行います(マスキング済み又はダミーのデータを使用し、講師の添削・指導つき)
agent,62,C1,9,1.5,運用業務エージェントの整備,業務指示書・エージェント設定・運用手順・利用ルールを1式にまとめ、動作確認まで完了させます
agent,62,C2,10,0.5,業務エージェントの業務フロー配置,どの工程をAIエージェントに委任し、どこに人の確認ポイントを置くかをマッピングします
agent,62,D1,11,1.0,業務エージェントの運用・監督演習,実行結果の検収手順、想定外の出力・エラー時の停止と修正、業務指示書の改善(再指示・更新)の手順を演習形式で習得します
agent,62,D2,12,0.5,委任範囲と確認体制の策定演習,機密情報・実行権限・承認フローなど、自身の業務に即した委任ルールと確認体制を演習で作成します
agent,62,D3,13,0.5,実務組み込み計画の作成・講師フィードバック,業務エージェントを日次・週次業務のどの工程に組み込むかの計画をまとめ、講師が個別に添削・フィードバックします
agent,63,B0,1,0.5,Webエンジニア職業務のAIエージェント活用実演・要点解説,講師が本コースで扱う一連の業務工程をAIエージェントに委任し、実行から検収までを通しで実演します
agent,63,B11,2,0.5,開発業務の工程分解・基礎,自動化する定型業務の選定と工程分解(入力→手順→出力→判断基準)。題材: 仕様確認の質問文 など
agent,63,B12,3,1.0,開発業務の業務指示書作成・実践,AIエージェントに委任するための業務指示書を作成 — 手順・判断基準・例外対応の言語化。題材: リリースノート / 不具合報告への返信 など
agent,63,B21,4,0.5,開発業務エージェントの設定・基礎,作成した業務指示書と参照資料をAIエージェントに実装します(手順・ナレッジの登録)
agent,63,B22,5,0.5,開発業務エージェントの設定・実践,マスキング済み又はダミーのデータでテスト実行し、動作を確認・修正します
agent,63,B3,6,1.0,AIエージェントによる開発文書作成の自動化演習①,仕様確認の質問文 / リリースノート / 不具合報告への返信 の一連工程を委任し、実行結果を検収・修正します
agent,63,B4,7,1.0,AIエージェントによる開発の自動化演習②,AIペアプログラミング(コードレビュー補助・リファクタ提案) / 技術調査の要約 を含む複数ステップの業務フローを連結し、自動実行・検収します
agent,63,B5,8,1.0,AIエージェントによる開発総合演習,開発の一連の業務フロー(受付→処理→出力→報告)を業務エージェントに委任し、実行・検収・修正までを通しで行います(マスキング済み又はダミーのデータを使用し、講師の添削・指導つき)
agent,63,C1,9,1.5,開発業務エージェントの整備,業務指示書・エージェント設定・運用手順・利用ルールを1式にまとめ、動作確認まで完了させます
agent,63,C2,10,0.5,業務エージェントの業務フロー配置,どの工程をAIエージェントに委任し、どこに人の確認ポイントを置くかをマッピングします
agent,63,D1,11,1.0,業務エージェントの運用・監督演習,実行結果の検収手順、想定外の出力・エラー時の停止と修正、業務指示書の改善(再指示・更新)の手順を演習形式で習得します
agent,63,D2,12,0.5,委任範囲と確認体制の策定演習,機密情報・実行権限・承認フローなど、自身の業務に即した委任ルールと確認体制を演習で作成します
agent,63,D3,13,0.5,実務組み込み計画の作成・講師フィードバック,業務エージェントを日次・週次業務のどの工程に組み込むかの計画をまとめ、講師が個別に添削・フィードバックします
agent,64,B0,1,0.5,経営企画職業務のAIエージェント活用実演・要点解説,講師が本コースで扱う一連の業務工程をAIエージェントに委任し、実行から検収までを通しで実演します
agent,64,B11,2,0.5,企画業務の工程分解・基礎,自動化する定型業務の選定と工程分解(入力→手順→出力→判断基準)。題材: 会議資料の骨子作成 など
agent,64,B12,3,1.0,企画業務の業務指示書作成・実践,AIエージェントに委任するための業務指示書を作成 — 手順・判断基準・例外対応の言語化。題材: 役員への報告メモ / 全社方針の説明文 など
agent,64,B21,4,0.5,企画業務エージェントの設定・基礎,作成した業務指示書と参照資料をAIエージェントに実装します(手順・ナレッジの登録)
agent,64,B22,5,0.5,企画業務エージェントの設定・実践,マスキング済み又はダミーのデータでテスト実行し、動作を確認・修正します
agent,64,B3,6,1.0,AIエージェントによる企画文書作成の自動化演習①,会議資料の骨子作成 / 役員への報告メモ / 全社方針の説明文 の一連工程を委任し、実行結果を検収・修正します
agent,64,B4,7,1.0,AIエージェントによる戦略立案の自動化演習②,市場・競合リサーチ→示唆抽出 / 中期計画の論点整理 を含む複数ステップの業務フローを連結し、自動実行・検収します
agent,64,B5,8,1.0,AIエージェントによる戦略立案総合演習,戦略立案の一連の業務フロー(受付→処理→出力→報告)を業務エージェントに委任し、実行・検収・修正までを通しで行います(マスキング済み又はダミーのデータを使用し、講師の添削・指導つき)
agent,64,C1,9,1.5,企画業務エージェントの整備,業務指示書・エージェント設定・運用手順・利用ルールを1式にまとめ、動作確認まで完了させます
agent,64,C2,10,0.5,業務エージェントの業務フロー配置,どの工程をAIエージェントに委任し、どこに人の確認ポイントを置くかをマッピングします
agent,64,D1,11,1.0,業務エージェントの運用・監督演習,実行結果の検収手順、想定外の出力・エラー時の停止と修正、業務指示書の改善(再指示・更新)の手順を演習形式で習得します
agent,64,D2,12,0.5,委任範囲と確認体制の策定演習,機密情報・実行権限・承認フローなど、自身の業務に即した委任ルールと確認体制を演習で作成します
agent,64,D3,13,0.5,実務組み込み計画の作成・講師フィードバック,業務エージェントを日次・週次業務のどの工程に組み込むかの計画をまとめ、講師が個別に添削・フィードバックします
agent,65,B0,1,0.5,店舗開発職業務のAIエージェント活用実演・要点解説,講師が本コースで扱う一連の業務工程をAIエージェントに委任し、実行から検収までを通しで実演します
agent,65,B11,2,0.5,開発業務の工程分解・基礎,自動化する定型業務の選定と工程分解(入力→手順→出力→判断基準)。題材: 物件情報の照会文 など
agent,65,B12,3,1.0,開発業務の業務指示書作成・実践,AIエージェントに委任するための業務指示書を作成 — 手順・判断基準・例外対応の言語化。題材: 出店稟議書の下書き / 地主・管理会社への挨拶文 など
agent,65,B21,4,0.5,開発業務エージェントの設定・基礎,作成した業務指示書と参照資料をAIエージェントに実装します(手順・ナレッジの登録)
agent,65,B22,5,0.5,開発業務エージェントの設定・実践,マスキング済み又はダミーのデータでテスト実行し、動作を確認・修正します
agent,65,B3,6,1.0,AIエージェントによる開発文書作成の自動化演習①,物件情報の照会文 / 出店稟議書の下書き / 地主・管理会社への挨拶文 の一連工程を委任し、実行結果を検収・修正します
agent,65,B4,7,1.0,AIエージェントによる出店判断の自動化演習②,商圏リサーチ(人口動態・競合)→出店評価レポート / 退店・移転の検討資料 を含む複数ステップの業務フローを連結し、自動実行・検収します
agent,65,B5,8,1.0,AIエージェントによる出店判断総合演習,出店判断の一連の業務フロー(受付→処理→出力→報告)を業務エージェントに委任し、実行・検収・修正までを通しで行います(マスキング済み又はダミーのデータを使用し、講師の添削・指導つき)
agent,65,C1,9,1.5,開発業務エージェントの整備,業務指示書・エージェント設定・運用手順・利用ルールを1式にまとめ、動作確認まで完了させます
agent,65,C2,10,0.5,業務エージェントの業務フロー配置,どの工程をAIエージェントに委任し、どこに人の確認ポイントを置くかをマッピングします
agent,65,D1,11,1.0,業務エージェントの運用・監督演習,実行結果の検収手順、想定外の出力・エラー時の停止と修正、業務指示書の改善(再指示・更新)の手順を演習形式で習得します
agent,65,D2,12,0.5,委任範囲と確認体制の策定演習,機密情報・実行権限・承認フローなど、自身の業務に即した委任ルールと確認体制を演習で作成します
agent,65,D3,13,0.5,実務組み込み計画の作成・講師フィードバック,業務エージェントを日次・週次業務のどの工程に組み込むかの計画をまとめ、講師が個別に添削・フィードバックします
agent,66,B0,1,0.5,教育・講師職(スクール運営)業務のAIエージェント活用実演・要点解説,講師が本コースで扱う一連の業務工程をAIエージェントに委任し、実行から検収までを通しで実演します
agent,66,B11,2,0.5,教務の工程分解・基礎,自動化する定型業務の選定と工程分解(入力→手順→出力→判断基準)。題材: 教材・確認テストの作成 など
agent,66,B12,3,1.0,教務の業務指示書作成・実践,AIエージェントに委任するための業務指示書を作成 — 手順・判断基準・例外対応の言語化。題材: 保護者・受講生への連絡文 / 体験会案内 など
agent,66,B21,4,0.5,教務エージェントの設定・基礎,作成した業務指示書と参照資料をAIエージェントに実装します(手順・ナレッジの登録)
agent,66,B22,5,0.5,教務エージェントの設定・実践,マスキング済み又はダミーのデータでテスト実行し、動作を確認・修正します
agent,66,B3,6,1.0,AIエージェントによる教務文書作成の自動化演習①,教材・確認テストの作成 / 保護者・受講生への連絡文 / 体験会案内 の一連工程を委任し、実行結果を検収・修正します
agent,66,B4,7,1.0,AIエージェントによる授業設計の自動化演習②,授業計画(シラバス)の設計 / 受講生別フィードバック文の作成 を含む複数ステップの業務フローを連結し、自動実行・検収します
agent,66,B5,8,1.0,AIエージェントによる授業設計総合演習,授業設計の一連の業務フロー(受付→処理→出力→報告)を業務エージェントに委任し、実行・検収・修正までを通しで行います(マスキング済み又はダミーのデータを使用し、講師の添削・指導つき)
agent,66,C1,9,1.5,教務業務エージェントの整備,業務指示書・エージェント設定・運用手順・利用ルールを1式にまとめ、動作確認まで完了させます
agent,66,C2,10,0.5,業務エージェントの業務フロー配置,どの工程をAIエージェントに委任し、どこに人の確認ポイントを置くかをマッピングします
agent,66,D1,11,1.0,業務エージェントの運用・監督演習,実行結果の検収手順、想定外の出力・エラー時の停止と修正、業務指示書の改善(再指示・更新)の手順を演習形式で習得します
agent,66,D2,12,0.5,委任範囲と確認体制の策定演習,機密情報・実行権限・承認フローなど、自身の業務に即した委任ルールと確認体制を演習で作成します
agent,66,D3,13,0.5,実務組み込み計画の作成・講師フィードバック,業務エージェントを日次・週次業務のどの工程に組み込むかの計画をまとめ、講師が個別に添削・フィードバックします
